-- phpMyAdmin SQL Dump
-- version 5.2.1
-- https://www.phpmyadmin.net/
--
-- Host: 127.0.0.1
-- Generation Time: Apr 07, 2025 at 04:39 PM
-- Server version: 10.4.32-MariaDB
-- PHP Version: 8.2.12

SET SQL_MODE = "NO_AUTO_VALUE_ON_ZERO";
START TRANSACTION;
SET time_zone = "+00:00";


/*!40101 SET @OLD_CHARACTER_SET_CLIENT=@@CHARACTER_SET_CLIENT */;
/*!40101 SET @OLD_CHARACTER_SET_RESULTS=@@CHARACTER_SET_RESULTS */;
/*!40101 SET @OLD_COLLATION_CONNECTION=@@COLLATION_CONNECTION */;
/*!40101 SET NAMES utf8mb4 */;

--
-- Database: `hamia`
--

-- --------------------------------------------------------

--
-- Table structure for table `albums`
--

CREATE TABLE `albums` (
  `id` int(10) UNSIGNED NOT NULL,
  `name` varchar(255) CHARACTER SET utf8mb4 COLLATE utf8mb4_unicode_ci NOT NULL,
  `user_id` int(11) NOT NULL,
  `created_at` timestamp NULL DEFAULT NULL,
  `updated_at` timestamp NULL DEFAULT NULL
) ENGINE=InnoDB DEFAULT CHARSET=utf8mb4 COLLATE=utf8mb4_general_ci;

--
-- Dumping data for table `albums`
--

INSERT INTO `albums` (`id`, `name`, `user_id`, `created_at`, `updated_at`) VALUES
(1, 'kelvin', 1, '2023-02-12 05:34:38', '2023-02-12 05:34:38');

-- --------------------------------------------------------

--
-- Table structure for table `categories`
--

CREATE TABLE `categories` (
  `id` int(10) UNSIGNED NOT NULL,
  `name` varchar(255) CHARACTER SET utf8mb4 COLLATE utf8mb4_unicode_ci NOT NULL,
  `slug` varchar(255) CHARACTER SET utf8mb4 COLLATE utf8mb4_unicode_ci NOT NULL,
  `image` varchar(255) CHARACTER SET utf8mb4 COLLATE utf8mb4_unicode_ci NOT NULL DEFAULT 'default.png',
  `created_at` timestamp NULL DEFAULT NULL,
  `updated_at` timestamp NULL DEFAULT NULL
) ENGINE=InnoDB DEFAULT CHARSET=utf8mb4 COLLATE=utf8mb4_general_ci;

--
-- Dumping data for table `categories`
--

INSERT INTO `categories` (`id`, `name`, `slug`, `image`, `created_at`, `updated_at`) VALUES
(3, 'real estate', 'land', 'land-2023-02-12-63e859f425469.jpg', '2023-02-12 00:16:04', '2023-02-12 00:16:04');

-- --------------------------------------------------------

--
-- Table structure for table `category_post`
--

CREATE TABLE `category_post` (
  `id` int(10) UNSIGNED NOT NULL,
  `category_id` int(10) UNSIGNED NOT NULL,
  `post_id` int(10) UNSIGNED NOT NULL,
  `created_at` timestamp NULL DEFAULT NULL,
  `updated_at` timestamp NULL DEFAULT NULL
) ENGINE=InnoDB DEFAULT CHARSET=utf8mb4 COLLATE=utf8mb4_general_ci;

-- --------------------------------------------------------

--
-- Table structure for table `characteristics`
--

CREATE TABLE `characteristics` (
  `id` int(11) NOT NULL,
  `name` varchar(100) NOT NULL,
  `create_at` timestamp NOT NULL DEFAULT current_timestamp(),
  `updated_at` timestamp NOT NULL DEFAULT current_timestamp()
) ENGINE=InnoDB DEFAULT CHARSET=utf8mb4 COLLATE=utf8mb4_general_ci;

--
-- Dumping data for table `characteristics`
--

INSERT INTO `characteristics` (`id`, `name`, `create_at`, `updated_at`) VALUES
(1, 'Beadroom', '2023-02-21 01:35:54', '2023-02-21 01:35:54'),
(2, 'Car Parking', '2023-02-21 01:35:54', '2023-02-21 01:35:54'),
(3, 'Barthroom', '2023-02-21 01:36:14', '2023-02-21 01:36:14'),
(4, 'Area', '2023-02-21 01:36:14', '2023-02-21 01:36:14');

-- --------------------------------------------------------

--
-- Table structure for table `client_requests`
--

CREATE TABLE `client_requests` (
  `id` int(11) NOT NULL,
  `fullname` varchar(200) NOT NULL,
  `phone_number` varchar(200) NOT NULL,
  `property_title` varchar(200) NOT NULL,
  `property_price` double NOT NULL,
  `district_id` int(11) NOT NULL,
  `sub_location` varchar(200) NOT NULL,
  `created_at` timestamp NOT NULL DEFAULT current_timestamp(),
  `updated_at` timestamp NOT NULL DEFAULT current_timestamp()
) ENGINE=InnoDB DEFAULT CHARSET=utf8mb4 COLLATE=utf8mb4_unicode_ci;

--
-- Dumping data for table `client_requests`
--

INSERT INTO `client_requests` (`id`, `fullname`, `phone_number`, `property_title`, `property_price`, `district_id`, `sub_location`, `created_at`, `updated_at`) VALUES
(1, 'Patrick Kivuyo', '0742908371', 'Master Room', 200000, 1, 'Kawe', '2023-07-01 21:19:18', '2023-07-01 21:19:18'),
(2, 'TOTORY EMILY', '0699383230', 'Masteroom', 200000, 1, 'Kawe', '2023-07-02 16:31:45', '2023-07-02 16:33:01'),
(3, 'Masud', '0768909765', 'Single Room', 120000, 4, 'Mbezi Beach', '2023-07-19 08:09:38', '2023-07-19 08:09:38'),
(4, 'Paschel Mussa', '0767059735', 'Plot 500sq', 200000, 2, 'Sinoni', '2023-07-19 08:14:30', '2023-07-19 08:14:30');

-- --------------------------------------------------------

--
-- Table structure for table `comments`
--

CREATE TABLE `comments` (
  `id` int(10) UNSIGNED NOT NULL,
  `body` text CHARACTER SET utf8mb4 COLLATE utf8mb4_unicode_ci NOT NULL,
  `commentable_id` int(11) NOT NULL,
  `commentable_type` varchar(255) CHARACTER SET utf8mb4 COLLATE utf8mb4_unicode_ci NOT NULL,
  `user_id` int(11) NOT NULL,
  `parent` int(11) NOT NULL DEFAULT 0,
  `parent_id` int(11) DEFAULT NULL,
  `approved` int(11) NOT NULL DEFAULT 1,
  `created_at` timestamp NULL DEFAULT NULL,
  `updated_at` timestamp NULL DEFAULT NULL
) ENGINE=InnoDB DEFAULT CHARSET=utf8mb4 COLLATE=utf8mb4_general_ci;

-- --------------------------------------------------------

--
-- Table structure for table `companies`
--

CREATE TABLE `companies` (
  `id` int(11) NOT NULL,
  `name` varchar(100) NOT NULL,
  `user_id` int(11) NOT NULL,
  `phone_number` text NOT NULL,
  `email` varchar(100) NOT NULL,
  `logo` text NOT NULL,
  `about` text NOT NULL,
  `created_at` timestamp NOT NULL DEFAULT current_timestamp(),
  `updated_at` timestamp NOT NULL DEFAULT current_timestamp()
) ENGINE=InnoDB DEFAULT CHARSET=utf8mb4 COLLATE=utf8mb4_general_ci;

--
-- Dumping data for table `companies`
--

INSERT INTO `companies` (`id`, `name`, `user_id`, `phone_number`, `email`, `logo`, `about`, `created_at`, `updated_at`) VALUES
(12, 'kelvin', 1, '225788888888', 'kevo93mushy@gmail.com', 'images/company/23040625061067f309ce3d146_wiwu.PNG', 'ujjjjjjjjjjjjjjjjjjjjjjjjjjjjjj Yes We are The best', '2025-03-31 20:22:18', '2025-04-06 20:10:06');

-- --------------------------------------------------------

--
-- Table structure for table `company_locations`
--

CREATE TABLE `company_locations` (
  `id` int(11) NOT NULL,
  `company_id` int(11) NOT NULL,
  `district_id` int(11) NOT NULL,
  `sub_location` varchar(200) NOT NULL,
  `updator_id` int(11) DEFAULT NULL,
  `creator_id` int(11) DEFAULT NULL,
  `created_at` timestamp NOT NULL DEFAULT current_timestamp(),
  `updated_at` timestamp NOT NULL DEFAULT current_timestamp()
) ENGINE=InnoDB DEFAULT CHARSET=utf8mb4 COLLATE=utf8mb4_general_ci;

--
-- Dumping data for table `company_locations`
--

INSERT INTO `company_locations` (`id`, `company_id`, `district_id`, `sub_location`, `updator_id`, `creator_id`, `created_at`, `updated_at`) VALUES
(29, 12, 4, 'Mbezi Beach', 1, 1, '2025-03-31 20:22:18', '2025-04-06 19:51:36');

-- --------------------------------------------------------

--
-- Table structure for table `company_social_media`
--

CREATE TABLE `company_social_media` (
  `id` int(11) NOT NULL,
  `company_id` int(11) NOT NULL,
  `social_media_id` int(11) NOT NULL,
  `url` text NOT NULL,
  `created_at` timestamp NOT NULL DEFAULT current_timestamp(),
  `updated_at` timestamp NOT NULL DEFAULT current_timestamp(),
  `creator_id` int(11) DEFAULT NULL,
  `updator_id` int(11) DEFAULT NULL
) ENGINE=InnoDB DEFAULT CHARSET=utf8mb4 COLLATE=utf8mb4_general_ci;

--
-- Dumping data for table `company_social_media`
--

INSERT INTO `company_social_media` (`id`, `company_id`, `social_media_id`, `url`, `created_at`, `updated_at`, `creator_id`, `updator_id`) VALUES
(11, 12, 2, 'https://www.tiktok.com/@juliusndyakalika', '2025-03-30 20:59:12', '2025-03-30 20:59:12', NULL, NULL),
(12, 12, 1, 'https://www.tiktok.com/@julius...', '2025-04-06 10:48:00', '2025-04-06 10:48:00', NULL, NULL);

-- --------------------------------------------------------

--
-- Table structure for table `conditions`
--

CREATE TABLE `conditions` (
  `id` int(11) NOT NULL,
  `name` varchar(50) NOT NULL,
  `slug` varchar(50) NOT NULL,
  `created_at` timestamp NOT NULL DEFAULT current_timestamp(),
  `updated_at` timestamp NOT NULL DEFAULT current_timestamp()
) ENGINE=InnoDB DEFAULT CHARSET=utf8mb4 COLLATE=utf8mb4_general_ci;

--
-- Dumping data for table `conditions`
--

INSERT INTO `conditions` (`id`, `name`, `slug`, `created_at`, `updated_at`) VALUES
(1, 'Fairly Used', 'fairly-used', '2023-12-26 23:09:49', '2023-12-26 23:09:49'),
(2, 'New Built', 'new-built', '2023-12-26 23:09:49', '2023-12-26 23:09:49'),
(3, 'Old', 'old', '2023-12-26 23:10:13', '2023-12-26 23:10:13'),
(4, 'Renovated', 'renovated', '2023-12-26 23:10:13', '2023-12-26 23:10:13');

-- --------------------------------------------------------

--
-- Table structure for table `countries`
--

CREATE TABLE `countries` (
  `id` int(11) NOT NULL,
  `name` varchar(100) NOT NULL,
  `slug` varchar(100) DEFAULT NULL,
  `created_at` timestamp NOT NULL DEFAULT current_timestamp(),
  `update_at` timestamp NOT NULL DEFAULT current_timestamp()
) ENGINE=InnoDB DEFAULT CHARSET=utf8mb4 COLLATE=utf8mb4_general_ci;

--
-- Dumping data for table `countries`
--

INSERT INTO `countries` (`id`, `name`, `slug`, `created_at`, `update_at`) VALUES
(1, 'Tanzania', 'Tanzania', '2023-02-12 22:33:45', '2023-02-12 22:33:45'),
(2, 'Kenya', 'Kenya', '2023-02-12 22:33:45', '2023-02-12 22:33:45');

-- --------------------------------------------------------

--
-- Table structure for table `currencies`
--

CREATE TABLE `currencies` (
  `id` int(11) NOT NULL,
  `name` varchar(100) NOT NULL,
  `created_at` timestamp NOT NULL DEFAULT current_timestamp(),
  `updated_at` timestamp NOT NULL DEFAULT current_timestamp()
) ENGINE=InnoDB DEFAULT CHARSET=utf8mb4 COLLATE=utf8mb4_general_ci;

--
-- Dumping data for table `currencies`
--

INSERT INTO `currencies` (`id`, `name`, `created_at`, `updated_at`) VALUES
(1, 'TSH', '2023-02-21 02:09:13', '2023-02-21 02:09:13'),
(2, 'USD', '2023-02-21 02:09:22', '2023-02-21 02:09:22');

-- --------------------------------------------------------

--
-- Table structure for table `customers`
--

CREATE TABLE `customers` (
  `id` int(11) NOT NULL,
  `company_id` int(11) NOT NULL,
  `name` varchar(100) NOT NULL,
  `phone_number` varchar(100) NOT NULL,
  `email` varchar(100) DEFAULT NULL,
  `district_id` int(11) NOT NULL,
  `address` text NOT NULL,
  `created_at` timestamp NOT NULL DEFAULT current_timestamp(),
  `updated_at` timestamp NOT NULL DEFAULT current_timestamp()
) ENGINE=InnoDB DEFAULT CHARSET=utf8mb4 COLLATE=utf8mb4_general_ci;

--
-- Dumping data for table `customers`
--

INSERT INTO `customers` (`id`, `company_id`, `name`, `phone_number`, `email`, `district_id`, `address`, `created_at`, `updated_at`) VALUES
(1, 12, 'kelvin cosmas cosmas', '0767059735', 'kevo93mushy@gmail.com', 7, 'mbezi beach', '2025-04-07 01:11:06', '2025-04-07 01:11:06'),
(2, 12, 'kelvin cosmas', '255788888888', 'kevomassawe@gmail.com', 6, 'mbezi beach', '2025-04-07 01:18:49', '2025-04-07 01:18:49'),
(3, 12, 'kelvin cosmas cosmas', '255767059735', 'kevo938mushy@gmail.com', 18, 'mbezi beach,muafaka street', '2025-04-07 01:53:02', '2025-04-07 02:08:15'),
(4, 12, 'kelvin cosmas cosmas', '255767059735', 'kevo9hh3mushy@gmail.com', 3, 'mbezi beach', '2025-04-07 02:08:32', '2025-04-07 02:08:54');

-- --------------------------------------------------------

--
-- Table structure for table `customer_payments`
--

CREATE TABLE `customer_payments` (
  `id` bigint(20) UNSIGNED NOT NULL,
  `customer_id` bigint(20) UNSIGNED NOT NULL,
  `division_id` bigint(20) UNSIGNED NOT NULL,
  `payment` decimal(10,2) DEFAULT NULL,
  `payment_method` enum('cash','bank_transfer','tigo_pesa','voda_m_pesa','halopesa','airtel_money','selcom','mamba','easy_pesa') NOT NULL,
  `created_at` timestamp NULL DEFAULT NULL,
  `updated_at` timestamp NULL DEFAULT NULL
) ENGINE=InnoDB DEFAULT CHARSET=utf8mb4 COLLATE=utf8mb4_general_ci;

--
-- Dumping data for table `customer_payments`
--

INSERT INTO `customer_payments` (`id`, `customer_id`, `division_id`, `payment`, `payment_method`, `created_at`, `updated_at`) VALUES
(1, 1, 27, 300000.00, 'cash', '2025-04-07 10:03:05', '2025-04-07 10:03:05'),
(2, 3, 27, 3000.00, 'cash', '2025-04-07 11:15:32', '2025-04-07 11:15:32'),
(3, 3, 27, 3000.00, 'cash', '2025-04-07 11:16:46', '2025-04-07 11:16:46'),
(4, 3, 27, 3000.00, 'cash', '2025-04-07 11:18:45', '2025-04-07 11:18:45'),
(5, 3, 27, 3000.00, 'cash', '2025-04-07 11:20:09', '2025-04-07 11:20:09');

-- --------------------------------------------------------

--
-- Table structure for table `districts`
--

CREATE TABLE `districts` (
  `id` int(11) NOT NULL,
  `region_id` int(11) NOT NULL,
  `name` varchar(100) NOT NULL,
  `created_at` timestamp NOT NULL DEFAULT current_timestamp(),
  `updated_at` timestamp NOT NULL DEFAULT current_timestamp(),
  `creator_id` int(11) DEFAULT NULL,
  `updator_id` int(11) DEFAULT NULL
) ENGINE=InnoDB DEFAULT CHARSET=utf8mb4 COLLATE=utf8mb4_general_ci;

--
-- Dumping data for table `districts`
--

INSERT INTO `districts` (`id`, `region_id`, `name`, `created_at`, `updated_at`, `creator_id`, `updator_id`) VALUES
(1, 1, 'Ubungo', '2023-04-29 21:15:45', '2023-04-29 21:15:45', NULL, NULL),
(2, 2, 'Arusha City', '2023-04-29 21:15:45', '2023-04-29 21:15:45', NULL, NULL),
(3, 3, 'Bagamoyo', '2023-07-02 11:32:03', '2023-07-02 11:32:03', NULL, NULL),
(4, 1, 'Kinondon', '2023-07-02 20:59:49', '2023-07-02 20:59:49', NULL, NULL),
(5, 1, 'Ilala', '2023-07-02 20:59:49', '2023-07-02 20:59:49', NULL, NULL),
(6, 1, 'Temeke', '2023-07-02 21:00:08', '2023-07-02 21:00:08', NULL, NULL),
(7, 1, 'Kigamboni', '2023-07-02 21:00:08', '2023-07-02 21:00:08', NULL, NULL),
(8, 2, 'Karatu', '2023-07-02 21:01:37', '2023-07-02 21:01:37', NULL, NULL),
(9, 2, 'Arumeru', '2023-07-02 21:01:37', '2023-07-02 21:01:37', NULL, NULL),
(10, 2, 'Longido', '2023-07-02 21:02:09', '2023-07-02 21:02:09', NULL, NULL),
(11, 2, 'Meru', '2023-07-02 21:02:09', '2023-07-02 21:02:09', NULL, NULL),
(12, 2, 'Ngorongoro', '2023-07-02 21:02:25', '2023-07-02 21:02:25', NULL, NULL),
(13, 4, 'Ilemela', '2023-07-05 19:08:26', '2023-07-05 19:08:26', NULL, NULL),
(14, 4, 'Kwimba', '2023-07-05 19:08:26', '2023-07-05 19:08:26', NULL, NULL),
(15, 2, 'Magu', '2023-07-05 19:08:54', '2023-07-05 19:08:54', NULL, NULL),
(16, 4, 'Misungwi', '2023-07-05 19:08:54', '2023-07-05 19:08:54', NULL, NULL),
(17, 4, 'Nyamagana', '2023-07-05 19:09:26', '2023-07-05 19:09:26', NULL, NULL),
(18, 4, 'Sengerema', '2023-07-05 19:09:26', '2023-07-05 19:09:26', NULL, NULL),
(19, 4, 'Ukerewe', '2023-07-05 19:09:41', '2023-07-05 19:09:41', NULL, NULL),
(20, 5, 'Kondoa', '2023-07-05 19:13:20', '2023-07-05 19:13:20', NULL, NULL),
(21, 5, 'Chemba', '2023-07-05 19:13:20', '2023-07-05 19:13:20', NULL, NULL),
(22, 5, 'Dodoma', '2023-07-05 19:13:49', '2023-07-05 19:13:49', NULL, NULL),
(23, 5, 'Chamwino', '2023-07-05 19:13:49', '2023-07-05 19:13:49', NULL, NULL),
(24, 5, 'Kongwa', '2023-07-05 19:14:16', '2023-07-05 19:14:16', NULL, NULL),
(25, 5, 'Mpwapwa', '2023-07-05 19:14:16', '2023-07-05 19:14:16', NULL, NULL);

-- --------------------------------------------------------

--
-- Table structure for table `features`
--

CREATE TABLE `features` (
  `id` int(10) UNSIGNED NOT NULL,
  `name` varchar(255) CHARACTER SET utf8mb4 COLLATE utf8mb4_unicode_ci NOT NULL,
  `slug` varchar(255) CHARACTER SET utf8mb4 COLLATE utf8mb4_unicode_ci NOT NULL,
  `created_at` timestamp NULL DEFAULT NULL,
  `updated_at` timestamp NULL DEFAULT NULL
) ENGINE=InnoDB DEFAULT CHARSET=utf8mb4 COLLATE=utf8mb4_general_ci;

--
-- Dumping data for table `features`
--

INSERT INTO `features` (`id`, `name`, `slug`, `created_at`, `updated_at`) VALUES
(1, 'Swimming pool', 'Swimming pool', '2023-02-12 00:43:40', '2023-02-12 00:43:40'),
(2, 'Terrace', 'Terrace', '2023-02-12 00:45:31', '2023-02-12 00:45:31'),
(3, 'Internet', 'Internet', '2023-02-12 10:40:23', '2023-02-12 10:40:23'),
(6, 'Car Parking', 'Car Parking', NULL, NULL),
(7, 'Water Source', 'Water Source', NULL, NULL),
(8, 'Electricity', 'Electricity', NULL, NULL),
(9, 'Air conditioning', 'Air conditioning', NULL, NULL),
(10, 'Cable TV', 'Cable TV', NULL, NULL),
(11, 'Roof terrace', 'Roof terrace', NULL, NULL),
(12, 'Balcony', 'Balcony', NULL, NULL),
(13, 'Radio', 'Radio', NULL, NULL);

-- --------------------------------------------------------

--
-- Table structure for table `feature_properties`
--

CREATE TABLE `feature_properties` (
  `id` int(10) UNSIGNED NOT NULL,
  `property_id` int(11) NOT NULL,
  `feature_id` int(11) NOT NULL,
  `created_at` timestamp NULL DEFAULT NULL,
  `updated_at` timestamp NULL DEFAULT NULL
) ENGINE=InnoDB DEFAULT CHARSET=utf8mb4 COLLATE=utf8mb4_general_ci;

--
-- Dumping data for table `feature_properties`
--

INSERT INTO `feature_properties` (`id`, `property_id`, `feature_id`, `created_at`, `updated_at`) VALUES
(256, 211, 5, '2023-05-06 15:19:59', '2023-05-06 15:19:59'),
(257, 211, 4, '2023-05-06 15:19:59', '2023-05-06 15:19:59'),
(258, 212, 5, '2023-05-06 15:24:08', '2023-05-06 15:24:08'),
(259, 212, 4, '2023-05-06 15:24:08', '2023-05-06 15:24:08'),
(260, 213, 3, '2023-05-06 18:52:46', '2023-05-06 18:52:46'),
(261, 213, 1, '2023-05-06 18:52:46', '2023-05-06 18:52:46'),
(262, 213, 2, '2023-05-06 18:52:47', '2023-05-06 18:52:47'),
(263, 214, 4, '2023-05-07 18:36:03', '2023-05-07 18:36:03'),
(264, 214, 1, '2023-05-07 18:36:03', '2023-05-07 18:36:03'),
(265, 215, 5, '2023-05-12 20:26:35', '2023-05-12 20:26:35'),
(266, 216, 5, '2023-05-12 20:29:32', '2023-05-12 20:29:32'),
(267, 216, 4, '2023-05-12 20:29:32', '2023-05-12 20:29:32'),
(268, 217, 5, '2023-05-12 20:31:21', '2023-05-12 20:31:21'),
(269, 217, 4, '2023-05-12 20:31:21', '2023-05-12 20:31:21'),
(270, 218, 5, '2023-05-12 20:33:54', '2023-05-12 20:33:54'),
(271, 218, 1, '2023-05-12 20:33:54', '2023-05-12 20:33:54'),
(272, 219, 5, '2023-05-12 20:35:49', '2023-05-12 20:35:49'),
(273, 219, 1, '2023-05-12 20:35:49', '2023-05-12 20:35:49'),
(274, 220, 5, '2023-05-13 13:59:12', '2023-05-13 13:59:12'),
(275, 220, 4, '2023-05-13 13:59:12', '2023-05-13 13:59:12'),
(276, 221, 5, '2023-05-13 15:18:42', '2023-05-13 15:18:42'),
(277, 221, 4, '2023-05-13 15:18:42', '2023-05-13 15:18:42'),
(278, 222, 5, '2023-06-01 08:07:00', '2023-06-01 08:07:00'),
(279, 222, 1, '2023-06-01 08:07:00', '2023-06-01 08:07:00'),
(280, 223, 3, '2023-06-17 20:34:34', '2023-06-17 20:34:34'),
(281, 223, 5, '2023-06-17 20:34:34', '2023-06-17 20:34:34'),
(282, 224, 5, '2023-06-17 21:48:19', '2023-06-17 21:48:19'),
(283, 224, 4, '2023-06-17 21:48:19', '2023-06-17 21:48:19'),
(284, 225, 5, '2023-06-17 22:00:35', '2023-06-17 22:00:35'),
(285, 225, 4, '2023-06-17 22:00:35', '2023-06-17 22:00:35'),
(286, 225, 2, '2023-06-17 22:00:35', '2023-06-17 22:00:35'),
(287, 226, 3, '2023-06-17 23:30:16', '2023-06-17 23:30:16'),
(288, 226, 5, '2023-06-17 23:30:16', '2023-06-17 23:30:16'),
(289, 238, 5, '2023-07-02 11:25:03', '2023-07-02 11:25:03'),
(290, 238, 2, '2023-07-02 11:25:03', '2023-07-02 11:25:03'),
(291, 239, 4, '2023-07-02 11:26:34', '2023-07-02 11:26:34'),
(292, 240, 5, '2023-07-02 11:30:12', '2023-07-02 11:30:12'),
(293, 240, 4, '2023-07-02 11:30:12', '2023-07-02 11:30:12'),
(294, 241, 4, '2023-07-02 11:34:22', '2023-07-02 11:34:22'),
(295, 241, 1, '2023-07-02 11:34:22', '2023-07-02 11:34:22'),
(296, 242, 9, '2023-07-02 21:20:33', '2023-07-02 21:20:33'),
(297, 242, 10, '2023-07-02 21:20:33', '2023-07-02 21:20:33'),
(298, 242, 8, '2023-07-02 21:20:33', '2023-07-02 21:20:33'),
(299, 242, 3, '2023-07-02 21:20:33', '2023-07-02 21:20:33'),
(300, 242, 1, '2023-07-02 21:20:33', '2023-07-02 21:20:33'),
(301, 242, 2, '2023-07-02 21:20:33', '2023-07-02 21:20:33'),
(302, 243, 9, '2023-07-02 21:24:31', '2023-07-02 21:24:31'),
(303, 243, 12, '2023-07-02 21:24:31', '2023-07-02 21:24:31'),
(304, 243, 6, '2023-07-02 21:24:31', '2023-07-02 21:24:31'),
(305, 243, 3, '2023-07-02 21:24:31', '2023-07-02 21:24:31'),
(306, 243, 11, '2023-07-02 21:24:31', '2023-07-02 21:24:31'),
(307, 243, 1, '2023-07-02 21:24:31', '2023-07-02 21:24:31'),
(308, 243, 2, '2023-07-02 21:24:31', '2023-07-02 21:24:31'),
(309, 243, 7, '2023-07-02 21:24:31', '2023-07-02 21:24:31'),
(310, 244, 7, '2023-07-04 19:18:50', '2023-07-04 19:18:50'),
(311, 245, 7, '2023-07-04 19:20:27', '2023-07-04 19:20:27'),
(312, 246, 7, '2023-07-04 19:22:07', '2023-07-04 19:22:07'),
(313, 247, 7, '2023-07-04 19:24:23', '2023-07-04 19:24:23'),
(314, 248, 7, '2023-07-04 19:28:45', '2023-07-04 19:28:45'),
(315, 249, 6, '2023-07-04 19:32:14', '2023-07-04 19:32:14'),
(316, 249, 8, '2023-07-04 19:32:14', '2023-07-04 19:32:14'),
(317, 249, 7, '2023-07-04 19:32:14', '2023-07-04 19:32:14'),
(318, 250, 7, '2023-07-04 19:51:29', '2023-07-04 19:51:29'),
(319, 251, 7, '2023-07-04 19:53:39', '2023-07-04 19:53:39'),
(320, 252, 8, '2023-07-04 19:55:05', '2023-07-04 19:55:05'),
(321, 252, 7, '2023-07-04 19:55:05', '2023-07-04 19:55:05'),
(322, 253, 9, '2023-07-04 20:01:03', '2023-07-04 20:01:03'),
(323, 253, 8, '2023-07-04 20:01:03', '2023-07-04 20:01:03'),
(324, 253, 3, '2023-07-04 20:01:03', '2023-07-04 20:01:03'),
(325, 253, 7, '2023-07-04 20:01:03', '2023-07-04 20:01:03'),
(326, 254, 8, '2023-07-05 19:22:51', '2023-07-05 19:22:51'),
(327, 254, 3, '2023-07-05 19:22:51', '2023-07-05 19:22:51'),
(328, 254, 7, '2023-07-05 19:22:51', '2023-07-05 19:22:51'),
(329, 255, 8, '2023-07-05 19:26:43', '2023-07-05 19:26:43'),
(330, 255, 7, '2023-07-05 19:26:43', '2023-07-05 19:26:43'),
(331, 256, 8, '2023-07-05 19:31:15', '2023-07-05 19:31:15'),
(332, 257, 7, '2023-07-08 03:18:37', '2023-07-08 03:18:37'),
(333, 258, 7, '2023-07-08 03:22:22', '2023-07-08 03:22:22'),
(334, 259, 7, '2023-07-08 03:24:58', '2023-07-08 03:24:58'),
(335, 260, 7, '2023-07-08 03:27:00', '2023-07-08 03:27:00'),
(336, 261, 6, '2023-07-08 15:35:11', '2023-07-08 15:35:11'),
(337, 261, 8, '2023-07-08 15:35:11', '2023-07-08 15:35:11'),
(338, 261, 7, '2023-07-08 15:35:11', '2023-07-08 15:35:11'),
(339, 262, 8, '2023-07-08 15:41:03', '2023-07-08 15:41:03'),
(340, 262, 7, '2023-07-08 15:41:03', '2023-07-08 15:41:03'),
(341, 263, 8, '2023-07-11 07:41:59', '2023-07-11 07:41:59'),
(342, 263, 7, '2023-07-11 07:41:59', '2023-07-11 07:41:59'),
(343, 264, 8, '2023-07-13 02:35:24', '2023-07-13 02:35:24'),
(344, 265, 6, '2023-07-13 02:42:17', '2023-07-13 02:42:17'),
(345, 265, 8, '2023-07-13 02:42:17', '2023-07-13 02:42:17'),
(346, 265, 7, '2023-07-13 02:42:17', '2023-07-13 02:42:17'),
(347, 266, 8, '2023-07-19 02:39:29', '2023-07-19 02:39:29'),
(348, 267, 12, '2023-07-20 06:32:54', '2023-07-20 06:32:54'),
(349, 267, 8, '2023-07-20 06:32:54', '2023-07-20 06:32:54'),
(350, 267, 7, '2023-07-20 06:32:54', '2023-07-20 06:32:54'),
(351, 269, 8, '2023-07-24 02:01:59', '2023-07-24 02:01:59'),
(352, 270, 8, '2023-07-29 12:54:14', '2023-07-29 12:54:14'),
(353, 270, 7, '2023-07-29 12:54:14', '2023-07-29 12:54:14'),
(354, 271, 12, '2023-07-29 13:06:45', '2023-07-29 13:06:45'),
(355, 271, 10, '2023-07-29 13:06:45', '2023-07-29 13:06:45'),
(356, 271, 6, '2023-07-29 13:06:45', '2023-07-29 13:06:45'),
(357, 271, 8, '2023-07-29 13:06:45', '2023-07-29 13:06:45'),
(358, 271, 3, '2023-07-29 13:06:45', '2023-07-29 13:06:45'),
(359, 272, 6, '2023-08-02 09:41:45', '2023-08-02 09:41:45'),
(360, 272, 8, '2023-08-02 09:41:45', '2023-08-02 09:41:45'),
(361, 272, 7, '2023-08-02 09:41:45', '2023-08-02 09:41:45'),
(362, 273, 7, '2023-08-12 09:30:29', '2023-08-12 09:30:29'),
(363, 274, 12, '2023-08-14 07:30:00', '2023-08-14 07:30:00'),
(364, 274, 6, '2023-08-14 07:30:00', '2023-08-14 07:30:00'),
(365, 275, 6, '2023-09-02 19:37:53', '2023-09-02 19:37:53'),
(366, 275, 8, '2023-09-02 19:37:53', '2023-09-02 19:37:53'),
(367, 275, 3, '2023-09-02 19:37:53', '2023-09-02 19:37:53'),
(368, 276, 9, '2023-09-09 12:14:34', '2023-09-09 12:14:34'),
(369, 276, 6, '2023-09-09 12:14:34', '2023-09-09 12:14:34'),
(370, 276, 8, '2023-09-09 12:14:34', '2023-09-09 12:14:34'),
(371, 277, 6, '2023-09-12 02:30:10', '2023-09-12 02:30:10'),
(372, 277, 8, '2023-09-12 02:30:10', '2023-09-12 02:30:10'),
(373, 278, 8, '2023-09-18 05:25:41', '2023-09-18 05:25:41'),
(374, 278, 7, '2023-09-18 05:25:41', '2023-09-18 05:25:41'),
(375, 279, 8, '2023-09-23 07:50:24', '2023-09-23 07:50:24'),
(376, 279, 7, '2023-09-23 07:50:24', '2023-09-23 07:50:24'),
(377, 280, 8, '2023-10-18 05:58:46', '2023-10-18 05:58:46'),
(381, 282, 9, '2023-11-30 06:04:40', '2023-11-30 06:04:40'),
(382, 283, 9, '2023-11-30 06:17:36', '2023-11-30 06:17:36'),
(392, 284, 1, '2023-11-30 06:52:38', '2023-11-30 06:52:38'),
(393, 281, 9, '2023-11-30 06:56:58', '2023-11-30 06:56:58'),
(394, 281, 6, '2023-11-30 06:56:58', '2023-11-30 06:56:58'),
(395, 281, 8, '2023-11-30 06:56:58', '2023-11-30 06:56:58'),
(396, 285, 6, '2023-12-23 06:40:01', '2023-12-23 06:40:01'),
(397, 285, 8, '2023-12-23 06:40:01', '2023-12-23 06:40:01'),
(398, 286, 9, '2023-12-23 06:43:25', '2023-12-23 06:43:25'),
(399, 286, 6, '2023-12-23 06:43:25', '2023-12-23 06:43:25'),
(400, 286, 8, '2023-12-23 06:43:25', '2023-12-23 06:43:25'),
(401, 286, 1, '2023-12-23 06:43:25', '2023-12-23 06:43:25'),
(402, 287, 7, '2023-12-29 04:42:12', '2023-12-29 04:42:12'),
(403, 288, 8, '2023-12-29 04:52:25', '2023-12-29 04:52:25'),
(404, 289, 8, '2023-12-29 04:58:07', '2023-12-29 04:58:07'),
(405, 289, 7, '2023-12-29 04:58:07', '2023-12-29 04:58:07'),
(406, 290, 7, '2023-12-29 05:03:50', '2023-12-29 05:03:50'),
(407, 291, 6, '2024-01-03 02:33:48', '2024-01-03 02:33:48'),
(408, 291, 8, '2024-01-03 02:33:48', '2024-01-03 02:33:48'),
(409, 291, 3, '2024-01-03 02:33:48', '2024-01-03 02:33:48'),
(410, 292, 9, '2024-01-03 02:39:17', '2024-01-03 02:39:17'),
(411, 292, 10, '2024-01-03 02:39:17', '2024-01-03 02:39:17'),
(412, 292, 6, '2024-01-03 02:39:17', '2024-01-03 02:39:17'),
(413, 292, 8, '2024-01-03 02:39:17', '2024-01-03 02:39:17'),
(414, 293, 9, '2024-01-03 02:45:02', '2024-01-03 02:45:02'),
(415, 293, 6, '2024-01-03 02:45:02', '2024-01-03 02:45:02'),
(416, 293, 8, '2024-01-03 02:45:02', '2024-01-03 02:45:02'),
(417, 294, 6, '2024-01-04 20:33:02', '2024-01-04 20:33:02'),
(418, 294, 8, '2024-01-04 20:33:02', '2024-01-04 20:33:02'),
(419, 295, 6, '2024-01-04 20:38:06', '2024-01-04 20:38:06'),
(420, 295, 8, '2024-01-04 20:38:06', '2024-01-04 20:38:06'),
(421, 296, 6, '2024-01-18 22:51:11', '2024-01-18 22:51:11'),
(422, 296, 8, '2024-01-18 22:51:11', '2024-01-18 22:51:11'),
(423, 296, 7, '2024-01-18 22:51:11', '2024-01-18 22:51:11'),
(427, 297, 9, '2024-01-18 23:13:49', '2024-01-18 23:13:49'),
(428, 297, 6, '2024-01-18 23:13:49', '2024-01-18 23:13:49'),
(429, 297, 8, '2024-01-18 23:13:49', '2024-01-18 23:13:49'),
(430, 298, 8, '2024-01-21 11:15:12', '2024-01-21 11:15:12'),
(431, 298, 7, '2024-01-21 11:15:12', '2024-01-21 11:15:12'),
(432, 299, 8, '2024-01-21 23:33:20', '2024-01-21 23:33:20'),
(433, 299, 7, '2024-01-21 23:33:20', '2024-01-21 23:33:20'),
(434, 300, 6, '2024-01-21 23:36:13', '2024-01-21 23:36:13'),
(435, 300, 8, '2024-01-21 23:36:13', '2024-01-21 23:36:13'),
(436, 301, 6, '2024-01-23 22:22:19', '2024-01-23 22:22:19'),
(437, 301, 8, '2024-01-23 22:22:19', '2024-01-23 22:22:19'),
(438, 302, 9, '2024-01-23 22:34:56', '2024-01-23 22:34:56'),
(439, 302, 12, '2024-01-23 22:34:56', '2024-01-23 22:34:56'),
(440, 302, 6, '2024-01-23 22:34:56', '2024-01-23 22:34:56'),
(441, 302, 8, '2024-01-23 22:34:56', '2024-01-23 22:34:56'),
(442, 303, 7, '2024-01-25 01:18:53', '2024-01-25 01:18:53'),
(443, 304, 9, '2024-01-25 01:21:38', '2024-01-25 01:21:38'),
(444, 304, 8, '2024-01-25 01:21:38', '2024-01-25 01:21:38'),
(445, 304, 7, '2024-01-25 01:21:38', '2024-01-25 01:21:38'),
(446, 305, 8, '2024-01-31 21:35:40', '2024-01-31 21:35:40'),
(447, 305, 7, '2024-01-31 21:35:40', '2024-01-31 21:35:40'),
(448, 306, 9, '2024-02-05 02:38:00', '2024-02-05 02:38:00'),
(449, 306, 6, '2024-02-05 02:38:00', '2024-02-05 02:38:00'),
(450, 306, 8, '2024-02-05 02:38:00', '2024-02-05 02:38:00'),
(451, 307, 6, '2024-02-16 21:28:28', '2024-02-16 21:28:28'),
(452, 307, 8, '2024-02-16 21:28:28', '2024-02-16 21:28:28'),
(453, 307, 7, '2024-02-16 21:28:28', '2024-02-16 21:28:28'),
(454, 308, 9, '2024-02-16 21:33:29', '2024-02-16 21:33:29'),
(455, 308, 6, '2024-02-16 21:33:29', '2024-02-16 21:33:29'),
(456, 308, 8, '2024-02-16 21:33:29', '2024-02-16 21:33:29'),
(457, 308, 3, '2024-02-16 21:33:29', '2024-02-16 21:33:29'),
(462, 309, 6, '2024-03-16 22:36:19', '2024-03-16 22:36:19'),
(463, 309, 8, '2024-03-16 22:36:19', '2024-03-16 22:36:19'),
(464, 310, 7, '2024-03-17 07:02:01', '2024-03-17 07:02:01'),
(465, 311, 8, '2024-03-17 07:03:59', '2024-03-17 07:03:59'),
(466, 311, 7, '2024-03-17 07:03:59', '2024-03-17 07:03:59'),
(467, 312, 8, '2024-03-17 11:36:38', '2024-03-17 11:36:38'),
(468, 312, 7, '2024-03-17 11:36:38', '2024-03-17 11:36:38'),
(469, 313, 6, '2024-03-17 11:51:17', '2024-03-17 11:51:17'),
(470, 313, 7, '2024-03-17 11:51:17', '2024-03-17 11:51:17'),
(471, 314, 8, '2024-03-20 21:41:58', '2024-03-20 21:41:58'),
(472, 314, 7, '2024-03-20 21:41:58', '2024-03-20 21:41:58'),
(473, 315, 6, '2024-03-20 21:46:48', '2024-03-20 21:46:48'),
(474, 315, 8, '2024-03-20 21:46:48', '2024-03-20 21:46:48'),
(475, 316, 7, '2024-03-23 14:30:22', '2024-03-23 14:30:22'),
(476, 317, 7, '2024-03-24 06:57:23', '2024-03-24 06:57:23'),
(477, 336, 3, '2024-04-25 05:01:04', '2024-04-25 05:01:04'),
(478, 336, 4, '2024-04-25 05:01:04', '2024-04-25 05:01:04'),
(479, 337, 3, '2024-04-25 05:01:06', '2024-04-25 05:01:06'),
(480, 337, 4, '2024-04-25 05:01:06', '2024-04-25 05:01:06'),
(481, 338, 3, '2024-04-25 05:04:46', '2024-04-25 05:04:46'),
(482, 338, 4, '2024-04-25 05:04:46', '2024-04-25 05:04:46'),
(483, 339, 3, '2024-04-25 05:06:58', '2024-04-25 05:06:58'),
(484, 339, 4, '2024-04-25 05:06:58', '2024-04-25 05:06:58'),
(485, 340, 3, '2024-04-25 05:07:24', '2024-04-25 05:07:24'),
(486, 340, 4, '2024-04-25 05:07:24', '2024-04-25 05:07:24'),
(487, 341, 3, '2024-04-25 05:07:59', '2024-04-25 05:07:59'),
(488, 341, 4, '2024-04-25 05:07:59', '2024-04-25 05:07:59'),
(489, 342, 3, '2024-04-25 05:11:33', '2024-04-25 05:11:33'),
(490, 342, 4, '2024-04-25 05:11:33', '2024-04-25 05:11:33'),
(491, 343, 3, '2024-04-25 05:11:39', '2024-04-25 05:11:39'),
(492, 343, 4, '2024-04-25 05:11:39', '2024-04-25 05:11:39'),
(493, 344, 3, '2024-04-25 05:13:20', '2024-04-25 05:13:20'),
(494, 344, 4, '2024-04-25 05:13:20', '2024-04-25 05:13:20'),
(495, 345, 3, '2024-04-25 05:13:39', '2024-04-25 05:13:39'),
(496, 345, 4, '2024-04-25 05:13:39', '2024-04-25 05:13:39'),
(497, 346, 3, '2024-04-25 05:14:40', '2024-04-25 05:14:40'),
(498, 346, 4, '2024-04-25 05:14:40', '2024-04-25 05:14:40'),
(499, 347, 3, '2024-04-25 05:35:06', '2024-04-25 05:35:06'),
(500, 347, 4, '2024-04-25 05:35:06', '2024-04-25 05:35:06'),
(501, 348, 3, '2024-04-25 05:35:36', '2024-04-25 05:35:36'),
(502, 348, 4, '2024-04-25 05:35:36', '2024-04-25 05:35:36'),
(503, 349, 3, '2024-04-25 07:57:16', '2024-04-25 07:57:16'),
(504, 349, 4, '2024-04-25 07:57:16', '2024-04-25 07:57:16'),
(505, 350, 3, '2024-04-25 07:58:47', '2024-04-25 07:58:47'),
(506, 350, 4, '2024-04-25 07:58:47', '2024-04-25 07:58:47'),
(507, 351, 3, '2024-04-25 07:58:58', '2024-04-25 07:58:58'),
(508, 351, 4, '2024-04-25 07:58:58', '2024-04-25 07:58:58'),
(509, 392, 2, '2024-04-25 10:33:48', '2024-04-25 10:33:48'),
(510, 392, 1, '2024-04-25 10:33:48', '2024-04-25 10:33:48'),
(511, 393, 1, '2024-04-25 10:35:56', '2024-04-25 10:35:56'),
(512, 393, 2, '2024-04-25 10:35:56', '2024-04-25 10:35:56'),
(513, 394, 1, '2024-04-25 22:09:42', '2024-04-25 22:09:42'),
(514, 394, 2, '2024-04-25 22:09:42', '2024-04-25 22:09:42'),
(515, 394, 3, '2024-04-25 22:09:42', '2024-04-25 22:09:42'),
(516, 395, 1, '2024-04-25 22:33:21', '2024-04-25 22:33:21'),
(517, 395, 2, '2024-04-25 22:33:21', '2024-04-25 22:33:21'),
(518, 395, 3, '2024-04-25 22:33:21', '2024-04-25 22:33:21'),
(519, 396, 1, '2024-04-25 22:39:36', '2024-04-25 22:39:36'),
(520, 396, 2, '2024-04-25 22:39:36', '2024-04-25 22:39:36'),
(521, 396, 3, '2024-04-25 22:39:36', '2024-04-25 22:39:36'),
(522, 397, 1, '2024-04-25 22:43:07', '2024-04-25 22:43:07'),
(523, 398, 1, '2024-04-25 22:50:32', '2024-04-25 22:50:32'),
(524, 398, 2, '2024-04-25 22:50:32', '2024-04-25 22:50:32'),
(525, 398, 3, '2024-04-25 22:50:32', '2024-04-25 22:50:32'),
(526, 399, 1, '2024-04-25 22:55:46', '2024-04-25 22:55:46'),
(527, 399, 3, '2024-04-25 22:55:46', '2024-04-25 22:55:46'),
(528, 400, 1, '2024-04-25 23:07:44', '2024-04-25 23:07:44'),
(529, 400, 2, '2024-04-25 23:07:44', '2024-04-25 23:07:44'),
(530, 401, 1, '2024-04-25 23:10:14', '2024-04-25 23:10:14'),
(531, 401, 2, '2024-04-25 23:10:14', '2024-04-25 23:10:14'),
(532, 401, 3, '2024-04-25 23:10:14', '2024-04-25 23:10:14'),
(533, 402, 1, '2024-04-25 23:18:11', '2024-04-25 23:18:11'),
(534, 403, 1, '2024-04-25 23:21:10', '2024-04-25 23:21:10'),
(535, 403, 2, '2024-04-25 23:21:10', '2024-04-25 23:21:10'),
(536, 404, 1, '2024-04-25 23:25:09', '2024-04-25 23:25:09'),
(537, 405, 1, '2024-04-25 23:27:27', '2024-04-25 23:27:27'),
(538, 406, 1, '2024-04-25 23:34:37', '2024-04-25 23:34:37'),
(539, 407, 2, '2024-04-25 23:37:48', '2024-04-25 23:37:48'),
(540, 407, 3, '2024-04-25 23:37:48', '2024-04-25 23:37:48'),
(541, 408, 1, '2024-04-25 23:38:56', '2024-04-25 23:38:56'),
(542, 408, 2, '2024-04-25 23:38:56', '2024-04-25 23:38:56'),
(543, 409, 1, '2024-04-25 23:44:35', '2024-04-25 23:44:35'),
(544, 409, 2, '2024-04-25 23:44:35', '2024-04-25 23:44:35'),
(545, 410, 1, '2024-04-25 23:46:19', '2024-04-25 23:46:19'),
(546, 410, 2, '2024-04-25 23:46:19', '2024-04-25 23:46:19'),
(547, 411, 1, '2024-04-25 23:47:39', '2024-04-25 23:47:39'),
(548, 411, 2, '2024-04-25 23:47:39', '2024-04-25 23:47:39'),
(549, 412, 1, '2024-04-25 23:50:52', '2024-04-25 23:50:52'),
(550, 412, 2, '2024-04-25 23:50:52', '2024-04-25 23:50:52'),
(551, 413, 2, '2024-04-25 23:52:18', '2024-04-25 23:52:18'),
(552, 413, 1, '2024-04-25 23:52:18', '2024-04-25 23:52:18'),
(553, 414, 1, '2024-04-26 00:02:12', '2024-04-26 00:02:12'),
(554, 414, 2, '2024-04-26 00:02:12', '2024-04-26 00:02:12'),
(555, 415, 2, '2024-04-26 00:08:31', '2024-04-26 00:08:31'),
(556, 415, 1, '2024-04-26 00:08:31', '2024-04-26 00:08:31'),
(557, 415, 3, '2024-04-26 00:08:31', '2024-04-26 00:08:31'),
(558, 416, 1, '2024-04-26 00:10:00', '2024-04-26 00:10:00'),
(559, 416, 2, '2024-04-26 00:10:00', '2024-04-26 00:10:00'),
(560, 416, 3, '2024-04-26 00:10:00', '2024-04-26 00:10:00'),
(561, 417, 1, '2024-04-26 00:13:54', '2024-04-26 00:13:54'),
(562, 417, 2, '2024-04-26 00:13:54', '2024-04-26 00:13:54'),
(563, 418, 1, '2024-04-26 00:16:44', '2024-04-26 00:16:44'),
(564, 418, 2, '2024-04-26 00:16:44', '2024-04-26 00:16:44'),
(565, 419, 1, '2024-04-26 00:19:15', '2024-04-26 00:19:15'),
(566, 419, 2, '2024-04-26 00:19:15', '2024-04-26 00:19:15'),
(567, 420, 1, '2024-04-26 00:21:56', '2024-04-26 00:21:56'),
(568, 421, 1, '2024-04-26 00:23:02', '2024-04-26 00:23:02'),
(569, 422, 1, '2024-04-26 00:28:20', '2024-04-26 00:28:20'),
(570, 422, 2, '2024-04-26 00:28:20', '2024-04-26 00:28:20'),
(571, 423, 1, '2024-04-26 00:29:00', '2024-04-26 00:29:00'),
(572, 423, 2, '2024-04-26 00:29:00', '2024-04-26 00:29:00'),
(573, 424, 1, '2024-04-26 00:30:31', '2024-04-26 00:30:31'),
(574, 424, 2, '2024-04-26 00:30:31', '2024-04-26 00:30:31'),
(575, 424, 3, '2024-04-26 00:30:31', '2024-04-26 00:30:31'),
(576, 424, 6, '2024-04-26 00:30:31', '2024-04-26 00:30:31'),
(577, 424, 8, '2024-04-26 00:30:31', '2024-04-26 00:30:31'),
(578, 424, 9, '2024-04-26 00:30:31', '2024-04-26 00:30:31'),
(579, 425, 1, '2024-04-26 00:32:00', '2024-04-26 00:32:00'),
(580, 425, 2, '2024-04-26 00:32:00', '2024-04-26 00:32:00'),
(581, 426, 1, '2024-04-26 00:38:17', '2024-04-26 00:38:17'),
(582, 426, 2, '2024-04-26 00:38:17', '2024-04-26 00:38:17'),
(583, 427, 1, '2024-04-26 00:39:56', '2024-04-26 00:39:56'),
(584, 427, 2, '2024-04-26 00:39:56', '2024-04-26 00:39:56'),
(585, 428, 1, '2024-04-26 05:02:37', '2024-04-26 05:02:37'),
(586, 428, 2, '2024-04-26 05:02:37', '2024-04-26 05:02:37'),
(587, 429, 1, '2024-04-26 05:05:01', '2024-04-26 05:05:01'),
(588, 429, 2, '2024-04-26 05:05:01', '2024-04-26 05:05:01'),
(589, 430, 1, '2024-04-26 05:05:02', '2024-04-26 05:05:02'),
(590, 430, 2, '2024-04-26 05:05:02', '2024-04-26 05:05:02'),
(591, 431, 1, '2024-04-26 05:23:49', '2024-04-26 05:23:49'),
(592, 431, 2, '2024-04-26 05:23:49', '2024-04-26 05:23:49'),
(593, 432, 1, '2024-04-26 05:25:19', '2024-04-26 05:25:19'),
(594, 432, 2, '2024-04-26 05:25:19', '2024-04-26 05:25:19'),
(595, 433, 9, '2025-03-25 17:55:17', '2025-03-25 17:55:17'),
(596, 433, 10, '2025-03-25 17:55:17', '2025-03-25 17:55:17'),
(597, 434, 12, '2025-03-29 16:57:34', '2025-03-29 16:57:34'),
(598, 434, 6, '2025-03-29 16:57:34', '2025-03-29 16:57:34'),
(599, 434, 8, '2025-03-29 16:57:34', '2025-03-29 16:57:34'),
(600, 435, 9, '2025-03-30 06:05:40', '2025-03-30 06:05:40'),
(601, 435, 10, '2025-03-30 06:05:40', '2025-03-30 06:05:40'),
(602, 435, 8, '2025-03-30 06:05:40', '2025-03-30 06:05:40'),
(603, 436, 9, '2025-03-30 06:09:12', '2025-03-30 06:09:12'),
(604, 436, 10, '2025-03-30 06:09:12', '2025-03-30 06:09:12'),
(605, 436, 8, '2025-03-30 06:09:12', '2025-03-30 06:09:12'),
(606, 437, 9, '2025-03-30 06:12:00', '2025-03-30 06:12:00'),
(607, 437, 10, '2025-03-30 06:12:00', '2025-03-30 06:12:00'),
(608, 437, 8, '2025-03-30 06:12:00', '2025-03-30 06:12:00'),
(609, 443, 9, '2025-03-30 06:32:56', '2025-03-30 06:32:56'),
(610, 443, 10, '2025-03-30 06:32:56', '2025-03-30 06:32:56'),
(611, 443, 8, '2025-03-30 06:32:56', '2025-03-30 06:32:56'),
(612, 448, 9, '2025-03-30 06:34:54', '2025-03-30 06:34:54'),
(613, 448, 10, '2025-03-30 06:34:54', '2025-03-30 06:34:54'),
(614, 448, 8, '2025-03-30 06:34:54', '2025-03-30 06:34:54'),
(615, 449, 9, '2025-03-30 06:35:36', '2025-03-30 06:35:36'),
(616, 449, 10, '2025-03-30 06:35:36', '2025-03-30 06:35:36'),
(617, 449, 8, '2025-03-30 06:35:36', '2025-03-30 06:35:36'),
(618, 450, 9, '2025-03-30 06:36:06', '2025-03-30 06:36:06'),
(619, 450, 10, '2025-03-30 06:36:06', '2025-03-30 06:36:06'),
(620, 450, 8, '2025-03-30 06:36:06', '2025-03-30 06:36:06'),
(621, 454, 9, '2025-03-30 06:42:38', '2025-03-30 06:42:38'),
(622, 454, 10, '2025-03-30 06:42:38', '2025-03-30 06:42:38'),
(623, 454, 8, '2025-03-30 06:42:38', '2025-03-30 06:42:38'),
(624, 455, 9, '2025-03-30 06:42:52', '2025-03-30 06:42:52'),
(625, 455, 10, '2025-03-30 06:42:52', '2025-03-30 06:42:52'),
(626, 455, 8, '2025-03-30 06:42:52', '2025-03-30 06:42:52'),
(627, 456, 9, '2025-03-30 06:44:34', '2025-03-30 06:44:34'),
(628, 456, 10, '2025-03-30 06:44:34', '2025-03-30 06:44:34'),
(629, 456, 8, '2025-03-30 06:44:34', '2025-03-30 06:44:34'),
(630, 457, 12, '2025-03-30 06:48:51', '2025-03-30 06:48:51'),
(631, 457, 6, '2025-03-30 06:48:51', '2025-03-30 06:48:51'),
(632, 458, 12, '2025-03-30 06:49:02', '2025-03-30 06:49:02'),
(633, 458, 6, '2025-03-30 06:49:02', '2025-03-30 06:49:02'),
(634, 459, 12, '2025-03-30 06:50:16', '2025-03-30 06:50:16'),
(635, 459, 6, '2025-03-30 06:50:16', '2025-03-30 06:50:16'),
(636, 460, 9, '2025-03-30 07:02:28', '2025-03-30 07:02:28'),
(637, 465, 9, '2025-03-30 07:08:18', '2025-03-30 07:08:18'),
(645, 467, 9, '2025-03-30 08:54:45', '2025-03-30 08:54:45'),
(646, 466, 9, '2025-03-30 08:58:12', '2025-03-30 08:58:12'),
(687, 468, 9, '2025-03-30 09:29:36', '2025-03-30 09:29:36'),
(688, 468, 6, '2025-03-30 09:29:36', '2025-03-30 09:29:36'),
(697, 469, 9, '2025-03-30 14:49:27', '2025-03-30 14:49:27'),
(698, 470, 9, '2025-03-30 16:04:55', '2025-03-30 16:04:55'),
(699, 470, 10, '2025-03-30 16:04:55', '2025-03-30 16:04:55'),
(700, 471, 9, '2025-03-30 16:04:57', '2025-03-30 16:04:57'),
(701, 471, 10, '2025-03-30 16:04:57', '2025-03-30 16:04:57'),
(702, 472, 9, '2025-03-30 16:05:02', '2025-03-30 16:05:02'),
(703, 472, 10, '2025-03-30 16:05:02', '2025-03-30 16:05:02'),
(704, 473, 9, '2025-03-30 16:05:08', '2025-03-30 16:05:08'),
(705, 473, 10, '2025-03-30 16:05:08', '2025-03-30 16:05:08'),
(706, 474, 9, '2025-03-30 16:05:09', '2025-03-30 16:05:09'),
(707, 474, 10, '2025-03-30 16:05:09', '2025-03-30 16:05:09'),
(708, 475, 9, '2025-03-30 16:05:10', '2025-03-30 16:05:10'),
(709, 475, 10, '2025-03-30 16:05:10', '2025-03-30 16:05:10'),
(710, 476, 9, '2025-03-30 16:05:16', '2025-03-30 16:05:16'),
(711, 476, 10, '2025-03-30 16:05:16', '2025-03-30 16:05:16'),
(712, 477, 12, '2025-03-30 16:14:10', '2025-03-30 16:14:10'),
(713, 478, 12, '2025-03-30 16:14:14', '2025-03-30 16:14:14'),
(717, 479, 12, '2025-03-30 16:41:06', '2025-03-30 16:41:06'),
(718, 480, 7, '2025-03-30 20:08:56', '2025-03-30 20:08:56'),
(719, 481, 10, '2025-03-30 20:11:58', '2025-03-30 20:11:58'),
(720, 482, 9, '2025-03-30 20:15:30', '2025-03-30 20:15:30'),
(721, 482, 6, '2025-03-30 20:15:30', '2025-03-30 20:15:30'),
(722, 483, 12, '2025-04-06 10:40:26', '2025-04-06 10:40:26'),
(723, 483, 10, '2025-04-06 10:40:26', '2025-04-06 10:40:26'),
(724, 484, 10, '2025-04-06 22:25:32', '2025-04-06 22:25:32'),
(725, 484, 6, '2025-04-06 22:25:32', '2025-04-06 22:25:32'),
(726, 484, 8, '2025-04-06 22:25:32', '2025-04-06 22:25:32'),
(727, 484, 3, '2025-04-06 22:25:32', '2025-04-06 22:25:32');

-- --------------------------------------------------------

--
-- Table structure for table `feature_property`
--

CREATE TABLE `feature_property` (
  `id` int(10) UNSIGNED NOT NULL,
  `property_id` int(11) NOT NULL,
  `feature_id` int(11) NOT NULL,
  `created_at` timestamp NULL DEFAULT NULL,
  `updated_at` timestamp NULL DEFAULT NULL
) ENGINE=InnoDB DEFAULT CHARSET=utf8mb4 COLLATE=utf8mb4_general_ci;

--
-- Dumping data for table `feature_property`
--

INSERT INTO `feature_property` (`id`, `property_id`, `feature_id`, `created_at`, `updated_at`) VALUES
(150, 77, 5, '2023-02-19 06:22:12', '2023-02-19 06:22:12'),
(153, 75, 2, '2023-02-19 16:14:32', '2023-02-19 16:14:32'),
(154, 75, 4, '2023-02-20 20:35:57', '2023-02-20 20:35:57'),
(155, 78, 4, '2023-02-20 20:38:13', '2023-02-20 20:38:13'),
(156, 78, 3, '2023-02-20 20:41:36', '2023-02-20 20:41:36'),
(157, 78, 5, '2023-02-20 20:41:36', '2023-02-20 20:41:36'),
(158, 76, 4, '2023-02-20 20:43:55', '2023-02-20 20:43:55'),
(159, 76, 2, '2023-02-20 20:43:55', '2023-02-20 20:43:55');

-- --------------------------------------------------------

--
-- Table structure for table `furnishes`
--

CREATE TABLE `furnishes` (
  `id` int(11) NOT NULL,
  `name` varchar(50) NOT NULL,
  `slug` varchar(50) NOT NULL,
  `created_at` timestamp NOT NULL DEFAULT current_timestamp(),
  `updated_at` timestamp NOT NULL DEFAULT current_timestamp()
) ENGINE=InnoDB DEFAULT CHARSET=utf8mb4 COLLATE=utf8mb4_general_ci;

--
-- Dumping data for table `furnishes`
--

INSERT INTO `furnishes` (`id`, `name`, `slug`, `created_at`, `updated_at`) VALUES
(1, 'Furnished', 'furnished', '2023-12-26 23:08:14', '2023-12-26 23:08:14'),
(2, 'Unfurnished', 'unfurnished', '2023-12-26 23:08:14', '2023-12-26 23:08:14'),
(3, 'Semi-Furnished', 'semi-furnished', '2023-12-26 23:08:30', '2023-12-26 23:08:30');

-- --------------------------------------------------------

--
-- Table structure for table `galleries`
--

CREATE TABLE `galleries` (
  `id` int(10) UNSIGNED NOT NULL,
  `album_id` int(11) NOT NULL,
  `image` varchar(255) CHARACTER SET utf8mb4 COLLATE utf8mb4_unicode_ci NOT NULL,
  `size` varchar(255) CHARACTER SET utf8mb4 COLLATE utf8mb4_unicode_ci NOT NULL,
  `type` varchar(255) CHARACTER SET utf8mb4 COLLATE utf8mb4_unicode_ci NOT NULL,
  `link` varchar(255) CHARACTER SET utf8mb4 COLLATE utf8mb4_unicode_ci DEFAULT NULL,
  `created_at` timestamp NULL DEFAULT NULL,
  `updated_at` timestamp NULL DEFAULT NULL
) ENGINE=InnoDB DEFAULT CHARSET=utf8mb4 COLLATE=utf8mb4_general_ci;

-- --------------------------------------------------------

--
-- Table structure for table `messages`
--

CREATE TABLE `messages` (
  `id` int(10) UNSIGNED NOT NULL,
  `company_id` int(11) NOT NULL,
  `user_id` int(11) DEFAULT NULL,
  `property_id` int(11) DEFAULT NULL,
  `name` varchar(255) CHARACTER SET utf8mb4 COLLATE utf8mb4_unicode_ci NOT NULL,
  `email` varchar(255) CHARACTER SET utf8mb4 COLLATE utf8mb4_unicode_ci NOT NULL,
  `phone` varchar(255) CHARACTER SET utf8mb4 COLLATE utf8mb4_unicode_ci NOT NULL,
  `message` text CHARACTER SET utf8mb4 COLLATE utf8mb4_unicode_ci NOT NULL,
  `status` int(11) NOT NULL DEFAULT 0,
  `created_at` timestamp NULL DEFAULT NULL,
  `updated_at` timestamp NULL DEFAULT NULL
) ENGINE=InnoDB DEFAULT CHARSET=utf8mb4 COLLATE=utf8mb4_general_ci;

--
-- Dumping data for table `messages`
--

INSERT INTO `messages` (`id`, `company_id`, `user_id`, `property_id`, `name`, `email`, `phone`, `message`, `status`, `created_at`, `updated_at`) VALUES
(1, 12, NULL, NULL, 'Manage Job', 'admin@emcl.co.tz', '333333333333', 'yes kelvin', 0, '2023-05-13 06:33:25', '2023-05-13 06:33:25'),
(2, 12, NULL, NULL, 'Manage Job', 'admin@emcl.co.tz', '333333333333', 'yggg', 1, '2023-05-13 06:36:13', '2025-04-06 20:17:58'),
(3, 4, NULL, NULL, 'Manage Job', 'testclient@emcl.co.tz', '333333333333', 'yesg', 0, '2023-05-13 06:38:11', '2023-05-13 06:38:11'),
(4, 2, NULL, NULL, 'Manage Job', 'admin@emcl.co.tz', '333333333333', 'yes kelvin cosmas', 0, '2023-05-13 06:39:18', '2023-05-13 06:39:18'),
(5, 4, NULL, NULL, 'Manage Job', 'admin@emcl.co.tz', '333333333333', 'yes kkkk', 0, '2023-05-13 08:24:42', '2023-05-13 08:24:42'),
(6, 4, NULL, NULL, 'Amosi', 'J@gmail.com', '0767050725', 'Naomba', 0, '2023-05-13 23:42:54', '2023-05-13 23:42:54'),
(8, 4, NULL, NULL, 'Kelvin', 'kevo93mushy@gmail.com', '0767059735', 'Yes Kelvin Cosmas', 0, '2023-06-01 11:24:32', '2023-06-01 11:24:32'),
(9, 1, NULL, NULL, 'Christopher Faustine', 'chrisfausty@gmail.com', '0762930426', 'Home', 0, '2023-07-02 11:50:18', '2023-07-02 11:50:18'),
(10, 1, NULL, NULL, 'Pastory', 'pastorymushy71@gmail.com', '0742908371', 'RENT HOUSE', 0, '2023-07-04 20:11:19', '2023-07-04 20:11:19'),
(11, 14, NULL, NULL, 'Pastory', 'pastorymushy71@gmail.com', '0742908371', 'Appartment for sale', 0, '2023-07-08 04:23:10', '2023-07-08 04:23:10'),
(12, 17, NULL, NULL, 'David Massawe', 'davicircle@gmail.com', '0767059735', 'weka picha itapendeza zaidi', 0, '2023-07-21 03:10:40', '2023-07-21 03:10:40'),
(13, 1, NULL, NULL, 'Julius', 'juliusndyakalika@gmail.com', '0764628075', 'apartment', 0, '2023-07-28 16:37:00', '2023-07-28 16:37:00'),
(14, 1, NULL, NULL, 'Dossa', 'dossaasrag@icloud.com', '0612358818', 'I want to buy it', 0, '2023-11-27 07:46:48', '2023-11-27 07:46:48'),
(15, 1, NULL, NULL, 'cosmas', 'kevo93mushy@gmail.com', '06366636', 'Hello Nahitaji shamba lakulimia', 0, '2025-03-30 20:16:52', '2025-03-30 20:16:52'),
(16, 1, NULL, NULL, 'kelvin cosmas cosmas', 'kevo93mushy@gmail.com', '0767059735', 'hhshshhs', 0, '2025-03-30 20:48:34', '2025-03-30 20:48:34'),
(17, 1, NULL, NULL, 'kelvin cosmas cosmas', 'kevo93mushy@gmail.com', '0767059735', 'tesgggs', 0, '2025-03-30 20:52:46', '2025-03-30 20:52:46');

-- --------------------------------------------------------

--
-- Table structure for table `migrations`
--

CREATE TABLE `migrations` (
  `id` int(10) UNSIGNED NOT NULL,
  `migration` varchar(255) CHARACTER SET utf8mb4 COLLATE utf8mb4_unicode_ci NOT NULL,
  `batch` int(11) NOT NULL
) ENGINE=InnoDB DEFAULT CHARSET=utf8mb4 COLLATE=utf8mb4_general_ci;

--
-- Dumping data for table `migrations`
--

INSERT INTO `migrations` (`id`, `migration`, `batch`) VALUES
(1, '2014_10_12_000000_create_users_table', 1),
(2, '2014_10_12_100000_create_password_resets_table', 1),
(3, '2016_06_01_000001_create_oauth_auth_codes_table', 1),
(4, '2016_06_01_000002_create_oauth_access_tokens_table', 1),
(5, '2016_06_01_000003_create_oauth_refresh_tokens_table', 1),
(6, '2016_06_01_000004_create_oauth_clients_table', 1),
(7, '2016_06_01_000005_create_oauth_personal_access_clients_table', 1),
(8, '2018_05_07_134045_create_roles_table', 1),
(9, '2018_05_09_054206_create_tags_table', 1),
(10, '2018_05_09_135424_create_categories_table', 1),
(11, '2018_05_10_171517_create_posts_table', 1),
(12, '2018_05_10_172731_create_category_post_table', 1),
(13, '2018_05_10_172800_create_post_tag_table', 1),
(14, '2018_05_19_134221_create_features_table', 1),
(15, '2018_05_19_134753_create_feature_property_table', 1),
(16, '2018_07_06_171008_create_property_image_galleries_table', 1),
(17, '2018_07_18_042846_create_galleries_table', 1),
(18, '2018_08_12_081814_create_sliders_table', 1),
(19, '2018_08_12_113108_create_testimonials_table', 1),
(20, '2018_08_12_142529_create_albums_table', 1),
(21, '2018_08_15_194359_create_messages_table', 1),
(22, '2018_08_20_070748_create_settings_table', 1),
(23, '2018_08_24_073322_create_properties_table', 1),
(24, '2018_08_25_110649_create_comments_table', 1),
(25, '2018_09_04_183409_create_ratings_table', 1),
(26, '2018_10_17_153558_create_services_table', 1),
(27, '2019_12_14_000001_create_personal_access_tokens_table', 1);

-- --------------------------------------------------------

--
-- Table structure for table `near_byes`
--

CREATE TABLE `near_byes` (
  `id` int(11) NOT NULL,
  `name` varchar(100) NOT NULL,
  `create_at` timestamp NOT NULL DEFAULT current_timestamp(),
  `updated_at` timestamp NOT NULL DEFAULT current_timestamp()
) ENGINE=InnoDB DEFAULT CHARSET=utf8mb4 COLLATE=utf8mb4_general_ci;

--
-- Dumping data for table `near_byes`
--

INSERT INTO `near_byes` (`id`, `name`, `create_at`, `updated_at`) VALUES
(1, 'Church', '2023-02-13 18:02:43', '2023-02-13 18:02:43'),
(2, 'Stand', '2023-02-13 18:02:43', '2023-02-13 18:02:43'),
(3, 'Water Source', '2023-07-02 21:06:52', '2023-07-02 21:06:52'),
(4, 'Shop and Supermakert', '2023-07-02 21:06:52', '2023-07-02 21:06:52'),
(5, 'Lami', '2023-07-02 21:07:31', '2023-07-02 21:07:31'),
(6, 'Hospital', '2023-07-02 21:07:31', '2023-07-02 21:07:31'),
(7, 'School', '2023-07-02 21:07:43', '2023-07-02 21:07:43'),
(9, 'Msikiti', '2023-07-02 21:08:21', '2023-07-02 21:08:21'),
(10, 'Sokoni', '2023-07-02 21:08:21', '2023-07-02 21:08:21');

-- --------------------------------------------------------

--
-- Table structure for table `oauth_access_tokens`
--

CREATE TABLE `oauth_access_tokens` (
  `id` varchar(100) CHARACTER SET utf8mb4 COLLATE utf8mb4_unicode_ci NOT NULL,
  `user_id` bigint(20) UNSIGNED DEFAULT NULL,
  `client_id` bigint(20) UNSIGNED NOT NULL,
  `name` varchar(255) CHARACTER SET utf8mb4 COLLATE utf8mb4_unicode_ci DEFAULT NULL,
  `scopes` text CHARACTER SET utf8mb4 COLLATE utf8mb4_unicode_ci DEFAULT NULL,
  `revoked` tinyint(1) NOT NULL,
  `created_at` timestamp NULL DEFAULT NULL,
  `updated_at` timestamp NULL DEFAULT NULL,
  `expires_at` datetime DEFAULT NULL
) ENGINE=InnoDB DEFAULT CHARSET=utf8mb4 COLLATE=utf8mb4_general_ci;

-- --------------------------------------------------------

--
-- Table structure for table `oauth_auth_codes`
--

CREATE TABLE `oauth_auth_codes` (
  `id` varchar(100) CHARACTER SET utf8mb4 COLLATE utf8mb4_unicode_ci NOT NULL,
  `user_id` bigint(20) UNSIGNED NOT NULL,
  `client_id` bigint(20) UNSIGNED NOT NULL,
  `scopes` text CHARACTER SET utf8mb4 COLLATE utf8mb4_unicode_ci DEFAULT NULL,
  `revoked` tinyint(1) NOT NULL,
  `expires_at` datetime DEFAULT NULL
) ENGINE=InnoDB DEFAULT CHARSET=utf8mb4 COLLATE=utf8mb4_general_ci;

-- --------------------------------------------------------

--
-- Table structure for table `oauth_clients`
--

CREATE TABLE `oauth_clients` (
  `id` bigint(20) UNSIGNED NOT NULL,
  `user_id` bigint(20) UNSIGNED DEFAULT NULL,
  `name` varchar(255) CHARACTER SET utf8mb4 COLLATE utf8mb4_unicode_ci NOT NULL,
  `secret` varchar(100) CHARACTER SET utf8mb4 COLLATE utf8mb4_unicode_ci DEFAULT NULL,
  `provider` varchar(255) CHARACTER SET utf8mb4 COLLATE utf8mb4_unicode_ci DEFAULT NULL,
  `redirect` text CHARACTER SET utf8mb4 COLLATE utf8mb4_unicode_ci NOT NULL,
  `personal_access_client` tinyint(1) NOT NULL,
  `password_client` tinyint(1) NOT NULL,
  `revoked` tinyint(1) NOT NULL,
  `created_at` timestamp NULL DEFAULT NULL,
  `updated_at` timestamp NULL DEFAULT NULL
) ENGINE=InnoDB DEFAULT CHARSET=utf8mb4 COLLATE=utf8mb4_general_ci;

-- --------------------------------------------------------

--
-- Table structure for table `oauth_personal_access_clients`
--

CREATE TABLE `oauth_personal_access_clients` (
  `id` bigint(20) UNSIGNED NOT NULL,
  `client_id` bigint(20) UNSIGNED NOT NULL,
  `created_at` timestamp NULL DEFAULT NULL,
  `updated_at` timestamp NULL DEFAULT NULL
) ENGINE=InnoDB DEFAULT CHARSET=utf8mb4 COLLATE=utf8mb4_general_ci;

-- --------------------------------------------------------

--
-- Table structure for table `oauth_refresh_tokens`
--

CREATE TABLE `oauth_refresh_tokens` (
  `id` varchar(100) CHARACTER SET utf8mb4 COLLATE utf8mb4_unicode_ci NOT NULL,
  `access_token_id` varchar(100) CHARACTER SET utf8mb4 COLLATE utf8mb4_unicode_ci NOT NULL,
  `revoked` tinyint(1) NOT NULL,
  `expires_at` datetime DEFAULT NULL
) ENGINE=InnoDB DEFAULT CHARSET=utf8mb4 COLLATE=utf8mb4_general_ci;

-- --------------------------------------------------------

--
-- Table structure for table `password_resets`
--

CREATE TABLE `password_resets` (
  `email` varchar(255) CHARACTER SET utf8mb4 COLLATE utf8mb4_unicode_ci NOT NULL,
  `token` varchar(255) CHARACTER SET utf8mb4 COLLATE utf8mb4_unicode_ci NOT NULL,
  `created_at` timestamp NULL DEFAULT NULL
) ENGINE=InnoDB DEFAULT CHARSET=utf8mb4 COLLATE=utf8mb4_general_ci;

--
-- Dumping data for table `password_resets`
--

INSERT INTO `password_resets` (`email`, `token`, `created_at`) VALUES
('rahimually044@gmail.com', '$2y$10$2Q02.ZLPWYaHzkj4zsSOTuZpGTAiXvY3X3DOgb0.SjdIgpS1hYe7K', '2023-12-01 18:50:33');

-- --------------------------------------------------------

--
-- Table structure for table `personal_access_tokens`
--

CREATE TABLE `personal_access_tokens` (
  `id` bigint(20) UNSIGNED NOT NULL,
  `tokenable_type` varchar(255) CHARACTER SET utf8mb4 COLLATE utf8mb4_unicode_ci NOT NULL,
  `tokenable_id` bigint(20) UNSIGNED NOT NULL,
  `name` varchar(255) CHARACTER SET utf8mb4 COLLATE utf8mb4_unicode_ci NOT NULL,
  `token` varchar(64) CHARACTER SET utf8mb4 COLLATE utf8mb4_unicode_ci NOT NULL,
  `abilities` text CHARACTER SET utf8mb4 COLLATE utf8mb4_unicode_ci DEFAULT NULL,
  `last_used_at` timestamp NULL DEFAULT NULL,
  `expires_at` timestamp NULL DEFAULT NULL,
  `created_at` timestamp NULL DEFAULT NULL,
  `updated_at` timestamp NULL DEFAULT NULL
) ENGINE=InnoDB DEFAULT CHARSET=utf8mb4 COLLATE=utf8mb4_general_ci;

-- --------------------------------------------------------

--
-- Table structure for table `posts`
--

CREATE TABLE `posts` (
  `id` int(10) UNSIGNED NOT NULL,
  `user_id` int(10) UNSIGNED NOT NULL,
  `title` varchar(255) CHARACTER SET utf8mb4 COLLATE utf8mb4_unicode_ci NOT NULL,
  `slug` varchar(255) CHARACTER SET utf8mb4 COLLATE utf8mb4_unicode_ci NOT NULL,
  `image` varchar(255) CHARACTER SET utf8mb4 COLLATE utf8mb4_unicode_ci NOT NULL DEFAULT 'default.png',
  `body` text CHARACTER SET utf8mb4 COLLATE utf8mb4_unicode_ci NOT NULL,
  `view_count` int(11) NOT NULL DEFAULT 0,
  `status` tinyint(1) NOT NULL DEFAULT 0,
  `is_approved` tinyint(1) NOT NULL DEFAULT 0,
  `created_at` timestamp NULL DEFAULT NULL,
  `updated_at` timestamp NULL DEFAULT NULL
) ENGINE=InnoDB DEFAULT CHARSET=utf8mb4 COLLATE=utf8mb4_general_ci;

-- --------------------------------------------------------

--
-- Table structure for table `post_tag`
--

CREATE TABLE `post_tag` (
  `id` int(10) UNSIGNED NOT NULL,
  `post_id` int(10) UNSIGNED NOT NULL,
  `tag_id` int(10) UNSIGNED NOT NULL,
  `created_at` timestamp NULL DEFAULT NULL,
  `updated_at` timestamp NULL DEFAULT NULL
) ENGINE=InnoDB DEFAULT CHARSET=utf8mb4 COLLATE=utf8mb4_general_ci;

-- --------------------------------------------------------

--
-- Table structure for table `projects`
--

CREATE TABLE `projects` (
  `id` int(11) NOT NULL,
  `name` varchar(255) NOT NULL,
  `type` enum('residential','farm_land','industrial','commercial','recreational','mixed','institutional','transportation','conservation','vacant') NOT NULL,
  `size_in_sq_m` decimal(10,2) NOT NULL,
  `residential_size` decimal(10,2) DEFAULT NULL,
  `farm_size` decimal(10,2) DEFAULT NULL,
  `company_id` int(11) NOT NULL,
  `created_at` timestamp NOT NULL DEFAULT current_timestamp(),
  `updated_at` timestamp NOT NULL DEFAULT current_timestamp() ON UPDATE current_timestamp()
) ENGINE=InnoDB DEFAULT CHARSET=utf8mb4 COLLATE=utf8mb4_general_ci;

--
-- Dumping data for table `projects`
--

INSERT INTO `projects` (`id`, `name`, `type`, `size_in_sq_m`, `residential_size`, `farm_size`, `company_id`, `created_at`, `updated_at`) VALUES
(34, 'kelvin cosmas cosmas', 'mixed', 3900.00, 1500.00, 1500.00, 12, '2025-04-01 08:15:36', '2025-04-05 10:16:31'),
(35, 'kitale viwanda', 'residential', 11300.00, NULL, NULL, 12, '2025-04-01 09:03:58', '2025-04-05 08:16:51'),
(36, 'Pwani Vijijini', 'farm_land', 8000.00, NULL, NULL, 12, '2025-04-05 11:27:07', '2025-04-05 11:27:07');

-- --------------------------------------------------------

--
-- Table structure for table `project_divisions`
--

CREATE TABLE `project_divisions` (
  `id` int(11) NOT NULL,
  `name` varchar(200) NOT NULL,
  `project_id` int(11) NOT NULL,
  `division_type` enum('residential','farm_land','industrial','commercial','recreational','institutional','transportation','conservation','vacant') NOT NULL,
  `size` double NOT NULL,
  `sell_price` double NOT NULL,
  `payment_type` varchar(50) DEFAULT NULL,
  `payment_frequency` varchar(20) DEFAULT NULL,
  `installment_count` int(11) DEFAULT NULL,
  `payment_status` enum('pending','ongoing','completed') NOT NULL,
  `created_at` timestamp NOT NULL DEFAULT current_timestamp(),
  `updated_at` timestamp NOT NULL DEFAULT current_timestamp(),
  `creator_id` int(11) DEFAULT NULL,
  `updator_id` int(11) DEFAULT NULL
) ENGINE=InnoDB DEFAULT CHARSET=utf8mb4 COLLATE=utf8mb4_general_ci;

--
-- Dumping data for table `project_divisions`
--

INSERT INTO `project_divisions` (`id`, `name`, `project_id`, `division_type`, `size`, `sell_price`, `payment_type`, `payment_frequency`, `installment_count`, `payment_status`, `created_at`, `updated_at`, `creator_id`, `updator_id`) VALUES
(20, 'Mradi-34-Plot-1', 34, 'residential', 300, 3000000, NULL, NULL, NULL, 'pending', '2025-04-05 10:49:51', '2025-04-05 10:53:14', 1, 1),
(21, 'Mradi-34-Plot-2', 34, 'residential', 300, 4000000, NULL, NULL, NULL, 'pending', '2025-04-05 10:50:40', '2025-04-05 10:50:40', 1, NULL),
(24, 'Mradi-36-Farm-1', 36, 'farm_land', 4900, 4000000, NULL, NULL, NULL, 'pending', '2025-04-05 11:28:26', '2025-04-05 11:28:26', 1, NULL),
(25, 'Mradi-36-Farm-2', 36, 'farm_land', 400, 8000000, NULL, NULL, NULL, 'pending', '2025-04-05 14:26:41', '2025-04-05 14:26:41', 1, NULL),
(27, 'Mradi-35-Plot-2', 35, 'residential', 500, 10000000, 'cash', 'weekly', NULL, 'ongoing', '2025-04-07 09:25:40', '2025-04-07 11:20:09', 1, NULL);

-- --------------------------------------------------------

--
-- Table structure for table `project_locations`
--

CREATE TABLE `project_locations` (
  `id` int(10) UNSIGNED NOT NULL,
  `project_id` int(10) UNSIGNED NOT NULL,
  `district_id` int(10) UNSIGNED NOT NULL,
  `sub_location` varchar(255) DEFAULT NULL,
  `created_at` timestamp NOT NULL DEFAULT current_timestamp(),
  `updated_at` timestamp NOT NULL DEFAULT current_timestamp() ON UPDATE current_timestamp()
) ENGINE=InnoDB DEFAULT CHARSET=utf8mb4 COLLATE=utf8mb4_general_ci;

--
-- Dumping data for table `project_locations`
--

INSERT INTO `project_locations` (`id`, `project_id`, `district_id`, `sub_location`, `created_at`, `updated_at`) VALUES
(13, 14, 2, NULL, '2025-03-31 22:28:25', '2025-03-31 22:28:25'),
(14, 15, 7, 'mbezi beach', '2025-03-31 22:45:10', '2025-03-31 22:45:10'),
(15, 16, 4, 'mbezi beach', '2025-03-31 22:58:12', '2025-03-31 23:08:31'),
(16, 17, 7, 'mbezi beach', '2025-03-31 23:00:33', '2025-03-31 23:00:33'),
(17, 18, 23, 'mbezi beach', '2025-03-31 23:18:27', '2025-03-31 23:18:27'),
(18, 19, 7, 'mbezi beach', '2025-03-31 23:29:18', '2025-03-31 23:29:18'),
(19, 20, 16, 'mbezi beach', '2025-03-31 23:31:34', '2025-03-31 23:31:34'),
(20, 21, 7, 'mbezi beach', '2025-04-01 05:58:47', '2025-04-01 05:58:47'),
(21, 22, 7, 'mbezi beach', '2025-04-01 06:12:25', '2025-04-01 06:12:25'),
(22, 23, 4, 'mbezi beach', '2025-04-01 06:17:27', '2025-04-01 06:17:27'),
(23, 24, 4, 'mbezi beach', '2025-04-01 06:32:29', '2025-04-01 06:52:34'),
(24, 25, 4, 'mbezi beach', '2025-04-01 06:41:29', '2025-04-01 06:52:58'),
(25, 26, 7, 'mbezi beach', '2025-04-01 06:44:34', '2025-04-01 06:44:34'),
(26, 27, 7, 'mbezi beach', '2025-04-01 06:46:35', '2025-04-01 06:46:35'),
(27, 28, 7, 'mbezi beach', '2025-04-01 06:48:55', '2025-04-01 06:48:55'),
(28, 29, 7, 'mbezi beach', '2025-04-01 06:54:40', '2025-04-01 06:54:40'),
(29, 30, 24, 'mbezi beach', '2025-04-01 07:30:00', '2025-04-01 07:30:00'),
(30, 31, 7, 'mbezi beach', '2025-04-01 07:37:19', '2025-04-01 07:37:19'),
(31, 32, 7, 'mbezi beach', '2025-04-01 07:40:25', '2025-04-01 07:40:25'),
(32, 33, 7, 'mbezi beach', '2025-04-01 08:10:16', '2025-04-01 08:10:16'),
(33, 34, 4, 'mbezi beach', '2025-04-01 08:15:36', '2025-04-01 08:19:21'),
(34, 35, 7, 'mbezi beach', '2025-04-01 09:03:58', '2025-04-01 09:03:58'),
(35, 36, 4, 'mbezi beach', '2025-04-05 11:27:07', '2025-04-05 11:27:07');

-- --------------------------------------------------------

--
-- Table structure for table `project_payments`
--

CREATE TABLE `project_payments` (
  `id` int(11) NOT NULL,
  `project_id` int(11) NOT NULL,
  `payment_type` enum('cash','installment') NOT NULL,
  `total_price` decimal(15,2) NOT NULL,
  `amount_paid` decimal(15,2) DEFAULT 0.00,
  `installment_period` int(11) DEFAULT NULL,
  `installment_amount` decimal(15,2) DEFAULT NULL,
  `payment_status` enum('pending','ongoing','completed') DEFAULT 'pending',
  `payment_date` timestamp NOT NULL DEFAULT current_timestamp(),
  `created_at` timestamp NOT NULL DEFAULT current_timestamp(),
  `updated_at` timestamp NOT NULL DEFAULT current_timestamp() ON UPDATE current_timestamp()
) ENGINE=InnoDB DEFAULT CHARSET=utf8mb4 COLLATE=utf8mb4_general_ci;

--
-- Dumping data for table `project_payments`
--

INSERT INTO `project_payments` (`id`, `project_id`, `payment_type`, `total_price`, `amount_paid`, `installment_period`, `installment_amount`, `payment_status`, `payment_date`, `created_at`, `updated_at`) VALUES
(24, 34, 'installment', 50000.00, 50000.00, 10, 5000.00, 'completed', '2025-04-01 11:15:36', '2025-04-01 08:15:36', '2025-04-01 08:19:47'),
(25, 35, 'cash', 6700000.00, 300000.00, NULL, NULL, 'ongoing', '2025-04-01 12:03:58', '2025-04-01 09:03:58', '2025-04-01 09:03:58'),
(26, 36, 'cash', 80000000.00, 80000000.00, NULL, NULL, 'completed', '2025-04-05 14:27:07', '2025-04-05 11:27:07', '2025-04-05 11:27:07');

-- --------------------------------------------------------

--
-- Table structure for table `project_repayments`
--

CREATE TABLE `project_repayments` (
  `id` int(11) NOT NULL,
  `project_id` int(11) NOT NULL,
  `payment_date` date NOT NULL,
  `payment_amount` decimal(15,2) NOT NULL,
  `payment_method` enum('mpesa','tigo_pesa','airtel_money','bank_transfer') NOT NULL,
  `remaining_balance` decimal(15,2) NOT NULL,
  `created_at` timestamp NOT NULL DEFAULT current_timestamp(),
  `updated_at` timestamp NOT NULL DEFAULT current_timestamp() ON UPDATE current_timestamp()
) ENGINE=InnoDB DEFAULT CHARSET=utf8mb4 COLLATE=utf8mb4_general_ci;

--
-- Dumping data for table `project_repayments`
--

INSERT INTO `project_repayments` (`id`, `project_id`, `payment_date`, `payment_amount`, `payment_method`, `remaining_balance`, `created_at`, `updated_at`) VALUES
(14, 34, '2025-04-01', 50000.00, 'mpesa', 0.00, '2025-04-01 08:19:47', '2025-04-01 08:19:47');

-- --------------------------------------------------------

--
-- Table structure for table `properties`
--

CREATE TABLE `properties` (
  `id` int(10) UNSIGNED NOT NULL,
  `title` text DEFAULT NULL,
  `category_id` int(11) DEFAULT NULL,
  `sub_category_id` int(11) NOT NULL,
  `price` float DEFAULT NULL,
  `term_id` int(11) DEFAULT NULL,
  `featured` tinyint(1) NOT NULL DEFAULT 0,
  `purpose_id` int(11) DEFAULT NULL,
  `type_id` int(11) DEFAULT NULL,
  `currency_id` int(11) DEFAULT NULL,
  `image` varchar(255) CHARACTER SET utf8mb4 COLLATE utf8mb4_unicode_ci DEFAULT NULL,
  `viewed` int(11) NOT NULL DEFAULT 0,
  `status` tinyint(1) NOT NULL DEFAULT 0,
  `company_id` int(11) DEFAULT NULL,
  `description` text CHARACTER SET utf8mb4 COLLATE utf8mb4_unicode_ci DEFAULT NULL,
  `created_at` timestamp NULL DEFAULT current_timestamp(),
  `updated_at` timestamp NULL DEFAULT current_timestamp()
) ENGINE=InnoDB DEFAULT CHARSET=utf8mb4 COLLATE=utf8mb4_general_ci;

--
-- Dumping data for table `properties`
--

INSERT INTO `properties` (`id`, `title`, `category_id`, `sub_category_id`, `price`, `term_id`, `featured`, `purpose_id`, `type_id`, `currency_id`, `image`, `viewed`, `status`, `company_id`, `description`, `created_at`, `updated_at`) VALUES
(468, 'test', 1, 2, 9999, NULL, 1, NULL, 36, 1, 'images/gallery/hcdz2aDTjqzphNw1.webp', 1, 0, 12, 'test', '2025-03-30 08:59:59', '2025-03-30 16:03:36'),
(469, 'Kelvin Cosmas', 1, 1, 8999, NULL, 1, NULL, 44, 1, 'images/gallery/dnLUn1rn8wsRJk36.webp', 3, 0, 12, 'Hello Kelvin Cosmas', '2025-03-30 14:49:27', '2025-04-07 08:58:55'),
(470, 'Hello Kaka', 1, 2, 9000, NULL, 0, NULL, 37, 1, 'images/gallery/oRN2tb9rCbxunmVc.webp', 1, 0, 12, 'Hello Kelvin cosmas', '2025-03-30 16:04:55', '2025-03-30 17:34:09'),
(471, 'Hello Kaka', 1, 2, 9000, NULL, 0, NULL, 37, 1, 'images/gallery/RxDDaMrgQxkfl9Rm.webp', 0, 0, 12, 'Hello Kelvin cosmas', '2025-03-30 16:04:57', '2025-03-30 16:04:58'),
(472, 'Hello Kaka', 1, 2, 9000, NULL, 0, NULL, 37, 1, 'images/gallery/Zn1j3RXvbRnZZRag.webp', 0, 0, 12, 'Hello Kelvin cosmas', '2025-03-30 16:05:02', '2025-03-30 16:05:02'),
(473, 'Hello Kaka', 1, 2, 9000, NULL, 0, NULL, 37, 1, 'images/gallery/Kwa3P8TXX0aH46Pz.webp', 2, 0, 12, 'Hello Kelvin cosmas', '2025-03-30 16:05:08', '2025-04-06 12:45:04'),
(474, 'Hello Kaka', 1, 2, 9000, NULL, 0, NULL, 37, 1, 'images/gallery/2ETaXwCNwuwDoE5r.webp', 1, 0, 12, 'Hello Kelvin cosmas', '2025-03-30 16:05:09', '2025-03-30 23:05:47'),
(475, 'Hello Kaka', 1, 2, 9000, NULL, 0, NULL, 37, 1, 'images/gallery/TzrryrmOoQK0WNEv.webp', 0, 0, 12, 'Hello Kelvin cosmas', '2025-03-30 16:05:10', '2025-03-30 16:05:10'),
(476, 'Hello Kaka', 1, 2, 9000, NULL, 0, NULL, 37, 1, 'images/gallery/IbIgMKgBirJ4gNi1.webp', 12, 0, 12, 'Hello Kelvin cosmas', '2025-03-30 16:05:16', '2025-04-06 17:16:48'),
(477, 'last', 1, 13, 900, NULL, 0, NULL, 21, 1, 'images/gallery/172L8UGnaS48yv5m.webp', 16, 0, 12, 'lwasdd', '2025-03-30 16:14:10', '2025-04-06 14:07:21'),
(478, 'last', 1, 13, 900, NULL, 0, NULL, 21, 1, 'images/gallery/JLCuqAlpuWPxZZs9.webp', 8, 0, 12, 'lwasdd', '2025-03-30 16:14:14', '2025-04-06 21:02:38'),
(479, 'Kelvin cosmas uuueu ejwwwwwwwww', 1, 2, 122, NULL, 0, NULL, 34, 1, 'images/gallery/5Ev7s3Lj0hBkkwFA.webp', 8, 0, 12, 'Hello Kelvin Cosmas  kawejksfjkjk jsfajkjksjkdjkf jkkjjjkjkasjkdf', '2025-03-30 16:17:51', '2025-04-07 08:57:31'),
(480, 'Hello Kelvin Cosmas shamba linauzwa', 1, 2, 90000, NULL, 0, NULL, 34, 1, 'images/gallery/FZZULm5lAUi2ePLo.webp', 5, 0, 12, 'Test Kelvin Cosmas', '2025-03-30 20:08:56', '2025-04-06 16:19:46'),
(481, 'House For Sales', 1, 1, 8999, NULL, 1, NULL, 9, 1, 'images/gallery/buJnFxNg9ab4qiPy.webp', 7, 0, 12, 'testgg hhhhhhhhhhhhhhhhhhhhhhhhh', '2025-03-30 20:11:58', '2025-04-06 22:20:02'),
(482, 'Hello Kelvin Cosmas', 1, 4, 79000, NULL, 0, NULL, 38, 1, 'images/gallery/LMqP85c4V6hPn9rv.webp', 13, 0, 12, 'Test Test', '2025-03-30 20:15:30', '2025-04-06 17:16:25'),
(483, 'kkkkkkkkkkkkkkkkkk', 1, 13, 10000000000, NULL, 1, NULL, 21, 1, 'images/gallery/4CFV6XnZO8bnSIrX.webp', 6, 0, 12, 'hdehdududdddddddddd', '2025-04-06 10:40:26', '2025-04-07 08:57:04'),
(484, 'Furnished 2bdrm Apartment in Masaki for rent', 1, 13, 68000000, NULL, 1, NULL, 21, 1, 'images/gallery/gOO0QcFLbmKO62UT.webp', 2, 0, 12, 'Newly Built Two Bedroom Apartment\r\nFully furnished with modern and classy furniture\r\nLocated in a prime neighborhood, Oysterbay Peninsula\r\nWell secured, swimming pool, standby generator, gym available', '2025-04-06 22:25:32', '2025-04-06 22:29:46');

-- --------------------------------------------------------

--
-- Table structure for table `property_areas`
--

CREATE TABLE `property_areas` (
  `id` int(11) NOT NULL,
  `property_id` int(11) NOT NULL,
  `value` int(11) NOT NULL,
  `created_at` timestamp NOT NULL DEFAULT current_timestamp(),
  `updated_at` timestamp NOT NULL DEFAULT current_timestamp()
) ENGINE=InnoDB DEFAULT CHARSET=utf8mb4 COLLATE=utf8mb4_general_ci;

--
-- Dumping data for table `property_areas`
--

INSERT INTO `property_areas` (`id`, `property_id`, `value`, `created_at`, `updated_at`) VALUES
(286, 466, 33, '2025-03-30 07:10:06', '2025-03-30 07:10:06'),
(287, 467, 33, '2025-03-30 07:11:25', '2025-03-30 07:11:25'),
(288, 468, 34, '2025-03-30 08:59:59', '2025-03-30 08:59:59'),
(289, 469, 7899, '2025-03-30 14:49:27', '2025-03-30 14:49:27'),
(290, 470, 30, '2025-03-30 16:04:55', '2025-03-30 16:04:55'),
(291, 471, 30, '2025-03-30 16:04:57', '2025-03-30 16:04:57'),
(292, 472, 30, '2025-03-30 16:05:02', '2025-03-30 16:05:02'),
(293, 473, 30, '2025-03-30 16:05:08', '2025-03-30 16:05:08'),
(294, 474, 30, '2025-03-30 16:05:09', '2025-03-30 16:05:09'),
(295, 475, 30, '2025-03-30 16:05:10', '2025-03-30 16:05:10'),
(296, 476, 30, '2025-03-30 16:05:16', '2025-03-30 16:05:16'),
(297, 477, 1, '2025-03-30 16:14:10', '2025-03-30 16:14:10'),
(298, 478, 1, '2025-03-30 16:14:14', '2025-03-30 16:14:14'),
(299, 479, 1, '2025-03-30 16:17:51', '2025-03-30 16:17:51'),
(300, 480, 8999, '2025-03-30 20:08:56', '2025-03-30 20:08:56'),
(301, 481, 89999, '2025-03-30 20:11:58', '2025-03-30 20:11:58'),
(302, 482, 45000, '2025-03-30 20:15:30', '2025-03-30 20:15:30'),
(303, 483, 233, '2025-04-06 10:40:26', '2025-04-06 10:40:26'),
(304, 484, 300, '2025-04-06 22:25:32', '2025-04-06 22:25:32');

-- --------------------------------------------------------

--
-- Table structure for table `property_barths`
--

CREATE TABLE `property_barths` (
  `id` int(11) NOT NULL,
  `property_id` int(11) NOT NULL,
  `value` int(11) DEFAULT NULL,
  `created_at` timestamp NOT NULL DEFAULT current_timestamp(),
  `updated_at` timestamp NOT NULL DEFAULT current_timestamp()
) ENGINE=InnoDB DEFAULT CHARSET=utf8mb4 COLLATE=utf8mb4_general_ci;

--
-- Dumping data for table `property_barths`
--

INSERT INTO `property_barths` (`id`, `property_id`, `value`, `created_at`, `updated_at`) VALUES
(255, 459, 2, '2025-03-30 06:50:16', '2025-03-30 06:50:16'),
(256, 460, 3, '2025-03-30 07:02:28', '2025-03-30 07:02:28'),
(257, 461, 3, '2025-03-30 07:02:37', '2025-03-30 07:02:37'),
(261, 465, 3, '2025-03-30 07:08:18', '2025-03-30 07:08:18'),
(262, 466, 3, '2025-03-30 07:10:06', '2025-03-30 07:10:06'),
(263, 467, 3, '2025-03-30 07:11:25', '2025-03-30 07:11:25'),
(264, 468, 34, '2025-03-30 08:59:59', '2025-03-30 08:59:59'),
(265, 469, 667, '2025-03-30 14:49:27', '2025-03-30 14:49:27'),
(266, 470, 1, '2025-03-30 16:04:55', '2025-03-30 16:04:55'),
(267, 471, 1, '2025-03-30 16:04:57', '2025-03-30 16:04:57'),
(268, 472, 1, '2025-03-30 16:05:02', '2025-03-30 16:05:02'),
(269, 473, 1, '2025-03-30 16:05:08', '2025-03-30 16:05:08'),
(270, 474, 1, '2025-03-30 16:05:09', '2025-03-30 16:05:09'),
(271, 475, 1, '2025-03-30 16:05:10', '2025-03-30 16:05:10'),
(272, 476, 1, '2025-03-30 16:05:16', '2025-03-30 16:05:16'),
(273, 477, 1, '2025-03-30 16:14:10', '2025-03-30 16:14:10'),
(274, 478, 1, '2025-03-30 16:14:14', '2025-03-30 16:14:14'),
(275, 479, 111, '2025-03-30 16:17:51', '2025-03-30 16:17:51'),
(276, 480, NULL, '2025-03-30 20:08:56', '2025-03-30 20:08:56'),
(277, 481, 56, '2025-03-30 20:11:58', '2025-03-30 20:11:58'),
(278, 482, NULL, '2025-03-30 20:15:30', '2025-03-30 20:15:30'),
(279, 483, 2, '2025-04-06 10:40:26', '2025-04-06 10:40:26'),
(280, 484, 1, '2025-04-06 22:25:32', '2025-04-06 22:25:32');

-- --------------------------------------------------------

--
-- Table structure for table `property_bead_rooms`
--

CREATE TABLE `property_bead_rooms` (
  `id` int(11) NOT NULL,
  `property_id` int(11) NOT NULL,
  `value` int(11) DEFAULT NULL,
  `created_at` timestamp NOT NULL DEFAULT current_timestamp(),
  `updated_at` timestamp NOT NULL DEFAULT current_timestamp()
) ENGINE=InnoDB DEFAULT CHARSET=utf8mb4 COLLATE=utf8mb4_general_ci;

--
-- Dumping data for table `property_bead_rooms`
--

INSERT INTO `property_bead_rooms` (`id`, `property_id`, `value`, `created_at`, `updated_at`) VALUES
(90, 232, NULL, '2023-07-01 22:45:09', '2023-07-01 22:45:09'),
(91, 232, NULL, '2023-07-01 22:45:09', '2023-07-01 22:45:09'),
(92, 233, NULL, '2023-07-01 22:49:13', '2023-07-01 22:49:13'),
(93, 234, NULL, '2023-07-01 22:54:49', '2023-07-01 22:54:49'),
(94, 235, NULL, '2023-07-01 23:00:06', '2023-07-01 23:00:06'),
(95, 236, 1, '2023-07-01 23:08:20', '2023-07-01 23:08:20'),
(96, 237, NULL, '2023-07-02 09:27:15', '2023-07-02 09:27:15'),
(97, 238, NULL, '2023-07-02 11:25:03', '2023-07-02 11:25:03'),
(98, 239, NULL, '2023-07-02 11:26:34', '2023-07-02 11:26:34'),
(99, 240, 1, '2023-07-02 11:30:12', '2023-07-02 11:30:12'),
(100, 241, NULL, '2023-07-02 11:34:22', '2023-07-02 11:34:22'),
(101, 242, 3, '2023-07-02 21:20:33', '2023-07-02 21:20:33'),
(102, 243, 3, '2023-07-02 21:24:31', '2023-07-02 21:24:31'),
(103, 244, NULL, '2023-07-04 19:18:50', '2023-07-04 19:18:50'),
(104, 245, NULL, '2023-07-04 19:20:27', '2023-07-04 19:20:27'),
(105, 246, 1, '2023-07-04 19:22:07', '2023-07-04 19:22:07'),
(106, 247, NULL, '2023-07-04 19:24:23', '2023-07-04 19:24:23'),
(107, 248, NULL, '2023-07-04 19:28:45', '2023-07-04 19:28:45'),
(108, 249, 3, '2023-07-04 19:32:14', '2023-07-04 19:32:14'),
(109, 250, NULL, '2023-07-04 19:51:29', '2023-07-04 19:51:29'),
(110, 251, NULL, '2023-07-04 19:53:39', '2023-07-04 19:53:39'),
(111, 252, 3, '2023-07-04 19:55:05', '2023-07-04 19:55:05'),
(112, 253, NULL, '2023-07-04 20:01:03', '2023-07-04 20:01:03'),
(113, 254, 3, '2023-07-05 19:22:51', '2023-07-05 19:22:51'),
(114, 255, 3, '2023-07-05 19:26:43', '2023-07-05 19:26:43'),
(115, 256, 3, '2023-07-05 19:31:15', '2023-07-05 19:31:15'),
(116, 257, NULL, '2023-07-08 03:18:37', '2023-07-08 03:18:37'),
(117, 258, NULL, '2023-07-08 03:22:22', '2023-07-08 03:22:22'),
(118, 259, NULL, '2023-07-08 03:24:58', '2023-07-08 03:24:58'),
(119, 260, NULL, '2023-07-08 03:27:00', '2023-07-08 03:27:00'),
(120, 261, 3, '2023-07-08 15:35:11', '2023-07-08 15:35:11'),
(121, 262, 4, '2023-07-08 15:41:03', '2023-07-08 15:41:03'),
(122, 263, 1, '2023-07-11 07:41:59', '2023-07-11 07:41:59'),
(123, 264, 6, '2023-07-13 02:35:24', '2023-07-13 02:35:24'),
(124, 265, 2, '2023-07-13 02:42:17', '2023-07-13 02:42:17'),
(125, 266, NULL, '2023-07-19 02:39:29', '2023-07-19 02:39:29'),
(126, 267, 2, '2023-07-20 06:32:54', '2023-07-20 06:32:54'),
(127, 268, 3, '2023-07-21 03:20:42', '2023-07-21 03:20:42'),
(128, 269, 2, '2023-07-24 02:01:59', '2023-07-24 02:01:59'),
(129, 270, 1, '2023-07-29 12:54:14', '2023-07-29 12:54:14'),
(130, 271, 10, '2023-07-29 13:06:45', '2023-07-29 13:06:45'),
(131, 272, NULL, '2023-08-02 09:41:45', '2023-08-02 09:41:45'),
(132, 273, 3, '2023-08-12 09:30:29', '2023-08-12 09:30:29'),
(133, 274, 2, '2023-08-14 07:30:00', '2023-08-14 07:30:00'),
(134, 275, 1, '2023-09-02 19:37:53', '2023-09-02 19:37:53'),
(135, 276, 4, '2023-09-09 12:14:34', '2023-09-09 12:14:34'),
(136, 277, 3, '2023-09-12 02:30:10', '2023-09-12 02:30:10'),
(137, 278, NULL, '2023-09-18 05:25:41', '2023-09-18 05:25:41'),
(138, 279, NULL, '2023-09-23 07:50:24', '2023-09-23 07:50:24'),
(139, 280, 3, '2023-10-18 05:58:46', '2023-10-18 05:58:46'),
(140, 281, 3, '2023-11-16 05:56:13', '2023-11-16 05:56:13'),
(141, 282, NULL, '2023-11-30 06:04:40', '2023-11-30 06:04:40'),
(142, 283, NULL, '2023-11-30 06:17:36', '2023-11-30 06:17:36'),
(143, 284, 1, '2023-11-30 06:52:38', '2023-11-30 06:52:38'),
(144, 285, 4, '2023-12-23 06:40:01', '2023-12-23 06:40:01'),
(145, 286, -1, '2023-12-23 06:43:25', '2023-12-23 06:43:25'),
(146, 287, NULL, '2023-12-29 04:42:12', '2023-12-29 04:42:12'),
(147, 288, 2, '2023-12-29 04:52:25', '2023-12-29 04:52:25'),
(148, 289, 2, '2023-12-29 04:58:07', '2023-12-29 04:58:07'),
(149, 290, NULL, '2023-12-29 05:03:50', '2023-12-29 05:03:50'),
(150, 291, NULL, '2024-01-03 02:33:48', '2024-01-03 02:33:48'),
(151, 292, 5, '2024-01-03 02:39:17', '2024-01-03 02:39:17'),
(152, 293, 3, '2024-01-03 02:45:02', '2024-01-03 02:45:02'),
(153, 294, NULL, '2024-01-04 20:33:02', '2024-01-04 20:33:02'),
(154, 295, NULL, '2024-01-04 20:38:06', '2024-01-04 20:38:06'),
(155, 296, 4, '2024-01-18 22:51:11', '2024-01-18 22:51:11'),
(156, 297, 2, '2024-01-18 22:59:54', '2024-01-18 22:59:54'),
(157, 298, NULL, '2024-01-21 11:15:12', '2024-01-21 11:15:12'),
(158, 299, 2, '2024-01-21 23:33:20', '2024-01-21 23:33:20'),
(159, 300, 1, '2024-01-21 23:36:13', '2024-01-21 23:36:13'),
(160, 301, 2, '2024-01-23 22:22:19', '2024-01-23 22:22:19'),
(161, 302, 2, '2024-01-23 22:34:56', '2024-01-23 22:34:56'),
(162, 303, NULL, '2024-01-25 01:18:53', '2024-01-25 01:18:53'),
(163, 304, 4, '2024-01-25 01:21:38', '2024-01-25 01:21:38'),
(164, 305, NULL, '2024-01-31 21:35:40', '2024-01-31 21:35:40'),
(165, 306, 2, '2024-02-05 02:37:59', '2024-02-05 02:37:59'),
(166, 307, 2, '2024-02-16 21:28:28', '2024-02-16 21:28:28'),
(167, 308, 1, '2024-02-16 21:33:29', '2024-02-16 21:33:29'),
(168, 309, 3, '2024-02-24 09:13:18', '2024-02-24 09:13:18'),
(169, 310, NULL, '2024-03-14 14:23:27', '2024-03-14 14:23:27'),
(170, 311, NULL, '2024-03-17 07:03:59', '2024-03-17 07:03:59'),
(171, 312, NULL, '2024-03-17 11:36:38', '2024-03-17 11:36:38'),
(172, 313, 2, '2024-03-17 11:51:17', '2024-03-17 11:51:17'),
(173, 314, 3, '2024-03-20 21:41:58', '2024-03-20 21:41:58'),
(174, 315, 4, '2024-03-20 21:46:48', '2024-03-20 21:46:48'),
(175, 316, NULL, '2024-03-23 14:30:22', '2024-03-23 14:30:22'),
(176, 317, 3, '2024-03-24 06:57:23', '2024-03-24 06:57:23'),
(177, 332, 2, '2024-04-25 04:57:32', '2024-04-25 04:57:32'),
(178, 333, 2, '2024-04-25 04:57:37', '2024-04-25 04:57:37'),
(179, 334, 2, '2024-04-25 05:00:08', '2024-04-25 05:00:08'),
(180, 335, 2, '2024-04-25 05:00:12', '2024-04-25 05:00:12'),
(181, 336, 2, '2024-04-25 05:01:04', '2024-04-25 05:01:04'),
(182, 337, 2, '2024-04-25 05:01:06', '2024-04-25 05:01:06'),
(183, 338, 2, '2024-04-25 05:04:46', '2024-04-25 05:04:46'),
(184, 339, 2, '2024-04-25 05:06:58', '2024-04-25 05:06:58'),
(185, 340, 2, '2024-04-25 05:07:24', '2024-04-25 05:07:24'),
(186, 341, 2, '2024-04-25 05:07:59', '2024-04-25 05:07:59'),
(187, 342, 2, '2024-04-25 05:11:33', '2024-04-25 05:11:33'),
(188, 343, 2, '2024-04-25 05:11:39', '2024-04-25 05:11:39'),
(189, 344, 2, '2024-04-25 05:13:20', '2024-04-25 05:13:20'),
(190, 345, 2, '2024-04-25 05:13:39', '2024-04-25 05:13:39'),
(191, 346, 2, '2024-04-25 05:14:40', '2024-04-25 05:14:40'),
(192, 347, 2, '2024-04-25 05:35:06', '2024-04-25 05:35:06'),
(193, 348, 2, '2024-04-25 05:35:36', '2024-04-25 05:35:36'),
(194, 349, 2, '2024-04-25 07:57:16', '2024-04-25 07:57:16'),
(195, 350, 2, '2024-04-25 07:58:47', '2024-04-25 07:58:47'),
(196, 351, 2, '2024-04-25 07:58:58', '2024-04-25 07:58:58'),
(197, 392, 11, '2024-04-25 10:33:48', '2024-04-25 10:33:48'),
(198, 393, 11, '2024-04-25 10:35:56', '2024-04-25 10:35:56'),
(199, 394, 1, '2024-04-25 22:09:42', '2024-04-25 22:09:42'),
(200, 395, 1, '2024-04-25 22:33:21', '2024-04-25 22:33:21'),
(201, 396, 1, '2024-04-25 22:39:36', '2024-04-25 22:39:36'),
(202, 397, 1, '2024-04-25 22:43:07', '2024-04-25 22:43:07'),
(203, 398, 11, '2024-04-25 22:50:32', '2024-04-25 22:50:32'),
(204, 399, 1, '2024-04-25 22:55:46', '2024-04-25 22:55:46'),
(205, 400, 1, '2024-04-25 23:07:44', '2024-04-25 23:07:44'),
(206, 401, 1, '2024-04-25 23:10:14', '2024-04-25 23:10:14'),
(207, 402, 1, '2024-04-25 23:18:11', '2024-04-25 23:18:11'),
(208, 403, 1, '2024-04-25 23:21:10', '2024-04-25 23:21:10'),
(209, 404, 1, '2024-04-25 23:25:09', '2024-04-25 23:25:09'),
(210, 405, 1, '2024-04-25 23:27:27', '2024-04-25 23:27:27'),
(211, 406, 1, '2024-04-25 23:34:37', '2024-04-25 23:34:37'),
(212, 407, 11, '2024-04-25 23:37:48', '2024-04-25 23:37:48'),
(213, 408, 1, '2024-04-25 23:38:56', '2024-04-25 23:38:56'),
(214, 409, 1, '2024-04-25 23:44:35', '2024-04-25 23:44:35'),
(215, 410, 1, '2024-04-25 23:46:19', '2024-04-25 23:46:19'),
(216, 411, 1, '2024-04-25 23:47:39', '2024-04-25 23:47:39'),
(217, 412, 1, '2024-04-25 23:50:52', '2024-04-25 23:50:52'),
(218, 413, 1, '2024-04-25 23:52:18', '2024-04-25 23:52:18'),
(219, 414, 1, '2024-04-26 00:02:12', '2024-04-26 00:02:12'),
(220, 415, 11, '2024-04-26 00:08:31', '2024-04-26 00:08:31'),
(221, 416, 1, '2024-04-26 00:10:00', '2024-04-26 00:10:00'),
(222, 417, 1, '2024-04-26 00:13:54', '2024-04-26 00:13:54'),
(223, 418, 1, '2024-04-26 00:16:44', '2024-04-26 00:16:44'),
(224, 419, 11, '2024-04-26 00:19:15', '2024-04-26 00:19:15'),
(225, 420, 11, '2024-04-26 00:21:56', '2024-04-26 00:21:56'),
(226, 421, 11, '2024-04-26 00:23:02', '2024-04-26 00:23:02'),
(227, 422, 1, '2024-04-26 00:28:20', '2024-04-26 00:28:20'),
(228, 423, 1, '2024-04-26 00:29:00', '2024-04-26 00:29:00'),
(229, 424, 1, '2024-04-26 00:30:31', '2024-04-26 00:30:31'),
(230, 425, 1, '2024-04-26 00:32:00', '2024-04-26 00:32:00'),
(231, 426, 1, '2024-04-26 00:38:17', '2024-04-26 00:38:17'),
(232, 427, 1, '2024-04-26 00:39:56', '2024-04-26 00:39:56'),
(233, 428, 1, '2024-04-26 05:02:37', '2024-04-26 05:02:37'),
(234, 429, 1, '2024-04-26 05:05:01', '2024-04-26 05:05:01'),
(235, 430, 1, '2024-04-26 05:05:02', '2024-04-26 05:05:02'),
(236, 431, 11, '2024-04-26 05:23:49', '2024-04-26 05:23:49'),
(237, 432, 1, '2024-04-26 05:25:19', '2024-04-26 05:25:19'),
(238, 433, 2, '2025-03-25 17:55:17', '2025-03-25 17:55:17'),
(239, 434, 8, '2025-03-29 16:57:34', '2025-03-29 16:57:34'),
(240, 435, 1, '2025-03-30 06:05:40', '2025-03-30 06:05:40'),
(241, 436, 1, '2025-03-30 06:09:12', '2025-03-30 06:09:12'),
(242, 437, 1, '2025-03-30 06:12:00', '2025-03-30 06:12:00'),
(243, 441, 1, '2025-03-30 06:32:00', '2025-03-30 06:32:00'),
(244, 442, 1, '2025-03-30 06:32:32', '2025-03-30 06:32:32'),
(245, 446, 1, '2025-03-30 06:34:27', '2025-03-30 06:34:27'),
(246, 449, 1, '2025-03-30 06:35:36', '2025-03-30 06:35:36'),
(247, 450, 1, '2025-03-30 06:36:06', '2025-03-30 06:36:06'),
(248, 451, 1, '2025-03-30 06:38:11', '2025-03-30 06:38:11'),
(249, 452, 1, '2025-03-30 06:39:57', '2025-03-30 06:39:57'),
(250, 455, 1, '2025-03-30 06:42:52', '2025-03-30 06:42:52'),
(251, 456, 1, '2025-03-30 06:44:34', '2025-03-30 06:44:34'),
(252, 457, 2, '2025-03-30 06:48:51', '2025-03-30 06:48:51'),
(253, 458, 2, '2025-03-30 06:49:02', '2025-03-30 06:49:02'),
(254, 459, 2, '2025-03-30 06:50:16', '2025-03-30 06:50:16'),
(255, 460, 3, '2025-03-30 07:02:28', '2025-03-30 07:02:28'),
(256, 461, 3, '2025-03-30 07:02:37', '2025-03-30 07:02:37'),
(260, 465, 3, '2025-03-30 07:08:18', '2025-03-30 07:08:18'),
(261, 466, 3, '2025-03-30 07:10:06', '2025-03-30 07:10:06'),
(262, 467, 3, '2025-03-30 07:11:25', '2025-03-30 07:11:25'),
(263, 468, 4, '2025-03-30 08:59:59', '2025-03-30 08:59:59'),
(264, 469, 45, '2025-03-30 14:49:27', '2025-03-30 14:49:27'),
(265, 470, 1, '2025-03-30 16:04:55', '2025-03-30 16:04:55'),
(266, 471, 1, '2025-03-30 16:04:57', '2025-03-30 16:04:57'),
(267, 472, 1, '2025-03-30 16:05:02', '2025-03-30 16:05:02'),
(268, 473, 1, '2025-03-30 16:05:08', '2025-03-30 16:05:08'),
(269, 474, 1, '2025-03-30 16:05:09', '2025-03-30 16:05:09'),
(270, 475, 1, '2025-03-30 16:05:10', '2025-03-30 16:05:10'),
(271, 476, 1, '2025-03-30 16:05:16', '2025-03-30 16:05:16'),
(272, 477, 1, '2025-03-30 16:14:10', '2025-03-30 16:14:10'),
(273, 478, 1, '2025-03-30 16:14:14', '2025-03-30 16:14:14'),
(274, 479, 1, '2025-03-30 16:17:51', '2025-03-30 16:17:51'),
(275, 480, NULL, '2025-03-30 20:08:56', '2025-03-30 20:08:56'),
(276, 481, 67777, '2025-03-30 20:11:58', '2025-03-30 20:11:58'),
(277, 482, NULL, '2025-03-30 20:15:30', '2025-03-30 20:15:30'),
(278, 483, 2, '2025-04-06 10:40:26', '2025-04-06 10:40:26'),
(279, 484, 1, '2025-04-06 22:25:32', '2025-04-06 22:25:32');

-- --------------------------------------------------------

--
-- Table structure for table `property_conditions`
--

CREATE TABLE `property_conditions` (
  `id` int(11) NOT NULL,
  `property_id` int(11) DEFAULT NULL,
  `condition_id` int(11) DEFAULT NULL,
  `created_at` timestamp NOT NULL DEFAULT current_timestamp(),
  `updated_at` timestamp NOT NULL DEFAULT current_timestamp()
) ENGINE=InnoDB DEFAULT CHARSET=utf8mb4 COLLATE=utf8mb4_general_ci;

--
-- Dumping data for table `property_conditions`
--

INSERT INTO `property_conditions` (`id`, `property_id`, `condition_id`, `created_at`, `updated_at`) VALUES
(5, 288, 2, '2023-12-29 04:52:25', '2023-12-29 04:52:25'),
(6, 289, 1, '2023-12-29 04:58:07', '2023-12-29 04:58:07'),
(7, 290, 1, '2023-12-29 05:03:50', '2023-12-29 05:03:50'),
(8, 291, 3, '2024-01-03 02:33:48', '2024-01-03 02:33:48'),
(9, 292, 1, '2024-01-03 02:39:17', '2024-01-03 02:39:17'),
(10, 293, 1, '2024-01-03 02:45:02', '2024-01-03 02:45:02'),
(11, 294, 1, '2024-01-04 20:33:02', '2024-01-04 20:33:02'),
(12, 295, 1, '2024-01-04 20:38:06', '2024-01-04 20:38:06'),
(13, 296, 1, '2024-01-18 22:51:11', '2024-01-18 22:51:11'),
(14, 297, 1, '2024-01-18 22:59:54', '2024-01-18 22:59:54'),
(15, 298, 1, '2024-01-21 11:15:12', '2024-01-21 11:15:12'),
(16, 299, 2, '2024-01-21 23:33:20', '2024-01-21 23:33:20'),
(17, 300, 2, '2024-01-21 23:36:13', '2024-01-21 23:36:13'),
(18, 301, 2, '2024-01-23 22:22:19', '2024-01-23 22:22:19'),
(19, 302, 1, '2024-01-23 22:34:56', '2024-01-23 22:34:56'),
(20, 303, 1, '2024-01-25 01:18:53', '2024-01-25 01:18:53'),
(21, 304, 1, '2024-01-25 01:21:38', '2024-01-25 01:21:38'),
(22, 305, 1, '2024-01-31 21:35:40', '2024-01-31 21:35:40'),
(23, 306, 1, '2024-02-05 02:38:00', '2024-02-05 02:38:00'),
(24, 307, 1, '2024-02-16 21:28:28', '2024-02-16 21:28:28'),
(25, 308, 1, '2024-02-16 21:33:29', '2024-02-16 21:33:29'),
(26, 309, 3, '2024-02-24 09:13:18', '2024-02-24 09:13:18'),
(27, 310, 1, '2024-03-14 14:23:27', '2024-03-14 14:23:27'),
(28, 311, 1, '2024-03-17 07:03:59', '2024-03-17 07:03:59'),
(29, 312, 1, '2024-03-17 11:36:38', '2024-03-17 11:36:38'),
(30, 313, 2, '2024-03-17 11:51:17', '2024-03-17 11:51:17'),
(31, 314, 2, '2024-03-20 21:41:58', '2024-03-20 21:41:58'),
(32, 315, 1, '2024-03-20 21:46:48', '2024-03-20 21:46:48'),
(33, 316, 1, '2024-03-23 14:30:22', '2024-03-23 14:30:22'),
(34, 317, 1, '2024-03-24 06:57:23', '2024-03-24 06:57:23'),
(35, 332, 1, '2024-04-25 04:57:32', '2024-04-25 04:57:32'),
(36, 333, 1, '2024-04-25 04:57:37', '2024-04-25 04:57:37'),
(37, 334, 1, '2024-04-25 05:00:08', '2024-04-25 05:00:08'),
(38, 335, 1, '2024-04-25 05:00:12', '2024-04-25 05:00:12'),
(39, 336, 1, '2024-04-25 05:01:04', '2024-04-25 05:01:04'),
(40, 337, 1, '2024-04-25 05:01:06', '2024-04-25 05:01:06'),
(41, 338, 1, '2024-04-25 05:04:46', '2024-04-25 05:04:46'),
(42, 339, 1, '2024-04-25 05:06:58', '2024-04-25 05:06:58'),
(43, 340, 1, '2024-04-25 05:07:24', '2024-04-25 05:07:24'),
(44, 341, 1, '2024-04-25 05:07:59', '2024-04-25 05:07:59'),
(45, 342, 1, '2024-04-25 05:11:33', '2024-04-25 05:11:33'),
(46, 343, 1, '2024-04-25 05:11:39', '2024-04-25 05:11:39'),
(47, 344, 1, '2024-04-25 05:13:20', '2024-04-25 05:13:20'),
(48, 345, 1, '2024-04-25 05:13:39', '2024-04-25 05:13:39'),
(49, 346, 1, '2024-04-25 05:14:40', '2024-04-25 05:14:40'),
(50, 347, 1, '2024-04-25 05:35:06', '2024-04-25 05:35:06'),
(51, 348, 1, '2024-04-25 05:35:36', '2024-04-25 05:35:36'),
(52, 349, 1, '2024-04-25 07:57:16', '2024-04-25 07:57:16'),
(53, 350, 1, '2024-04-25 07:58:47', '2024-04-25 07:58:47'),
(54, 351, 1, '2024-04-25 07:58:58', '2024-04-25 07:58:58'),
(55, 392, 1, '2024-04-25 10:33:48', '2024-04-25 10:33:48'),
(56, 393, 1, '2024-04-25 10:35:56', '2024-04-25 10:35:56'),
(57, 394, 1, '2024-04-25 22:09:42', '2024-04-25 22:09:42'),
(58, 395, 1, '2024-04-25 22:33:21', '2024-04-25 22:33:21'),
(59, 396, 1, '2024-04-25 22:39:36', '2024-04-25 22:39:36'),
(60, 397, 1, '2024-04-25 22:43:07', '2024-04-25 22:43:07'),
(61, 398, 2, '2024-04-25 22:50:32', '2024-04-25 22:50:32'),
(62, 399, 1, '2024-04-25 22:55:46', '2024-04-25 22:55:46'),
(63, 400, 3, '2024-04-25 23:07:44', '2024-04-25 23:07:44'),
(64, 401, 1, '2024-04-25 23:10:14', '2024-04-25 23:10:14'),
(65, 402, 1, '2024-04-25 23:18:11', '2024-04-25 23:18:11'),
(66, 403, 1, '2024-04-25 23:21:10', '2024-04-25 23:21:10'),
(67, 404, 1, '2024-04-25 23:25:09', '2024-04-25 23:25:09'),
(68, 405, 1, '2024-04-25 23:27:27', '2024-04-25 23:27:27'),
(69, 406, 1, '2024-04-25 23:34:37', '2024-04-25 23:34:37'),
(70, 407, 1, '2024-04-25 23:37:48', '2024-04-25 23:37:48'),
(71, 408, 1, '2024-04-25 23:38:56', '2024-04-25 23:38:56'),
(72, 409, 1, '2024-04-25 23:44:35', '2024-04-25 23:44:35'),
(73, 410, 1, '2024-04-25 23:46:19', '2024-04-25 23:46:19'),
(74, 411, 1, '2024-04-25 23:47:39', '2024-04-25 23:47:39'),
(75, 412, 1, '2024-04-25 23:50:52', '2024-04-25 23:50:52'),
(76, 413, 1, '2024-04-25 23:52:18', '2024-04-25 23:52:18'),
(77, 414, 1, '2024-04-26 00:02:12', '2024-04-26 00:02:12'),
(78, 415, 1, '2024-04-26 00:08:31', '2024-04-26 00:08:31'),
(79, 416, 1, '2024-04-26 00:10:00', '2024-04-26 00:10:00'),
(80, 417, 2, '2024-04-26 00:13:54', '2024-04-26 00:13:54'),
(81, 418, 2, '2024-04-26 00:16:44', '2024-04-26 00:16:44'),
(82, 419, 2, '2024-04-26 00:19:15', '2024-04-26 00:19:15'),
(83, 420, 2, '2024-04-26 00:21:56', '2024-04-26 00:21:56'),
(84, 421, 2, '2024-04-26 00:23:02', '2024-04-26 00:23:02'),
(85, 422, 1, '2024-04-26 00:28:20', '2024-04-26 00:28:20'),
(86, 423, 1, '2024-04-26 00:29:00', '2024-04-26 00:29:00'),
(87, 424, 1, '2024-04-26 00:30:31', '2024-04-26 00:30:31'),
(88, 425, 1, '2024-04-26 00:32:00', '2024-04-26 00:32:00'),
(89, 426, 1, '2024-04-26 00:38:17', '2024-04-26 00:38:17'),
(90, 427, 1, '2024-04-26 00:39:56', '2024-04-26 00:39:56'),
(91, 428, 1, '2024-04-26 05:02:37', '2024-04-26 05:02:37'),
(92, 429, 1, '2024-04-26 05:05:01', '2024-04-26 05:05:01'),
(93, 430, 1, '2024-04-26 05:05:02', '2024-04-26 05:05:02'),
(94, 431, 1, '2024-04-26 05:23:49', '2024-04-26 05:23:49'),
(95, 432, 1, '2024-04-26 05:25:19', '2024-04-26 05:25:19'),
(96, 433, 1, '2025-03-25 17:55:17', '2025-03-25 17:55:17'),
(97, 434, 1, '2025-03-29 16:57:34', '2025-03-29 16:57:34'),
(98, 435, 1, '2025-03-30 06:05:40', '2025-03-30 06:05:40'),
(99, 436, 1, '2025-03-30 06:09:12', '2025-03-30 06:09:12'),
(100, 437, 1, '2025-03-30 06:12:00', '2025-03-30 06:12:00'),
(101, 443, 1, '2025-03-30 06:32:56', '2025-03-30 06:32:56'),
(102, 448, 1, '2025-03-30 06:34:54', '2025-03-30 06:34:54'),
(103, 449, 1, '2025-03-30 06:35:36', '2025-03-30 06:35:36'),
(104, 450, 1, '2025-03-30 06:36:06', '2025-03-30 06:36:06'),
(105, 454, 1, '2025-03-30 06:42:38', '2025-03-30 06:42:38'),
(106, 455, 1, '2025-03-30 06:42:52', '2025-03-30 06:42:52'),
(107, 456, 1, '2025-03-30 06:44:34', '2025-03-30 06:44:34'),
(108, 457, 2, '2025-03-30 06:48:51', '2025-03-30 06:48:51'),
(109, 458, 2, '2025-03-30 06:49:02', '2025-03-30 06:49:02'),
(110, 459, 2, '2025-03-30 06:50:16', '2025-03-30 06:50:16'),
(111, 460, 1, '2025-03-30 07:02:28', '2025-03-30 07:02:28'),
(112, 465, 1, '2025-03-30 07:08:18', '2025-03-30 07:08:18'),
(113, 466, 1, '2025-03-30 07:10:06', '2025-03-30 07:10:06'),
(114, 467, 1, '2025-03-30 07:11:25', '2025-03-30 07:11:25'),
(115, 468, 1, '2025-03-30 08:59:59', '2025-03-30 08:59:59'),
(116, 469, 2, '2025-03-30 14:49:27', '2025-03-30 14:49:27'),
(117, 470, 3, '2025-03-30 16:04:55', '2025-03-30 16:04:55'),
(118, 471, 3, '2025-03-30 16:04:57', '2025-03-30 16:04:57'),
(119, 472, 3, '2025-03-30 16:05:02', '2025-03-30 16:05:02'),
(120, 473, 3, '2025-03-30 16:05:08', '2025-03-30 16:05:08'),
(121, 474, 3, '2025-03-30 16:05:09', '2025-03-30 16:05:09'),
(122, 475, 3, '2025-03-30 16:05:10', '2025-03-30 16:05:10'),
(123, 476, 3, '2025-03-30 16:05:16', '2025-03-30 16:05:16'),
(124, 477, 1, '2025-03-30 16:14:10', '2025-03-30 16:14:10'),
(125, 478, 1, '2025-03-30 16:14:14', '2025-03-30 16:14:14'),
(126, 479, 1, '2025-03-30 16:17:51', '2025-03-30 16:17:51'),
(127, 480, 1, '2025-03-30 20:08:56', '2025-03-30 20:08:56'),
(128, 481, 1, '2025-03-30 20:11:58', '2025-03-30 20:11:58'),
(129, 482, 1, '2025-03-30 20:15:30', '2025-03-30 20:15:30'),
(130, 483, 2, '2025-04-06 10:40:26', '2025-04-06 10:40:26'),
(131, 484, 2, '2025-04-06 22:25:32', '2025-04-06 22:25:32');

-- --------------------------------------------------------

--
-- Table structure for table `property_currencies`
--

CREATE TABLE `property_currencies` (
  `id` int(11) NOT NULL,
  `property_id` int(11) NOT NULL,
  `currency_id` int(11) NOT NULL,
  `created_at` timestamp NOT NULL DEFAULT current_timestamp(),
  `update_at` timestamp NOT NULL DEFAULT current_timestamp()
) ENGINE=InnoDB DEFAULT CHARSET=utf8mb4 COLLATE=utf8mb4_general_ci;

-- --------------------------------------------------------

--
-- Table structure for table `property_furnishes`
--

CREATE TABLE `property_furnishes` (
  `id` int(11) NOT NULL,
  `furnish_id` int(11) DEFAULT NULL,
  `property_id` int(11) DEFAULT NULL,
  `created_at` timestamp NOT NULL DEFAULT current_timestamp(),
  `updated_at` timestamp NOT NULL DEFAULT current_timestamp()
) ENGINE=InnoDB DEFAULT CHARSET=utf8mb4 COLLATE=utf8mb4_general_ci;

--
-- Dumping data for table `property_furnishes`
--

INSERT INTO `property_furnishes` (`id`, `furnish_id`, `property_id`, `created_at`, `updated_at`) VALUES
(5, 2, 288, '2023-12-29 04:52:25', '2023-12-29 04:52:25'),
(6, 1, 289, '2023-12-29 04:58:07', '2023-12-29 04:58:07'),
(7, 1, 290, '2023-12-29 05:03:50', '2023-12-29 05:03:50'),
(8, 3, 291, '2024-01-03 02:33:48', '2024-01-03 02:33:48'),
(9, 1, 292, '2024-01-03 02:39:17', '2024-01-03 02:39:17'),
(10, 1, 293, '2024-01-03 02:45:02', '2024-01-03 02:45:02'),
(11, 1, 294, '2024-01-04 20:33:02', '2024-01-04 20:33:02'),
(12, 1, 295, '2024-01-04 20:38:06', '2024-01-04 20:38:06'),
(13, 1, 296, '2024-01-18 22:51:11', '2024-01-18 22:51:11'),
(14, 1, 297, '2024-01-18 22:59:54', '2024-01-18 22:59:54'),
(15, 1, 298, '2024-01-21 11:15:12', '2024-01-21 11:15:12'),
(16, 2, 299, '2024-01-21 23:33:20', '2024-01-21 23:33:20'),
(17, 2, 300, '2024-01-21 23:36:13', '2024-01-21 23:36:13'),
(18, 2, 301, '2024-01-23 22:22:19', '2024-01-23 22:22:19'),
(19, 1, 302, '2024-01-23 22:34:56', '2024-01-23 22:34:56'),
(20, 1, 303, '2024-01-25 01:18:53', '2024-01-25 01:18:53'),
(21, 1, 304, '2024-01-25 01:21:38', '2024-01-25 01:21:38'),
(22, 1, 305, '2024-01-31 21:35:40', '2024-01-31 21:35:40'),
(23, 1, 306, '2024-02-05 02:38:00', '2024-02-05 02:38:00'),
(24, 1, 307, '2024-02-16 21:28:28', '2024-02-16 21:28:28'),
(25, 1, 308, '2024-02-16 21:33:29', '2024-02-16 21:33:29'),
(26, 3, 309, '2024-02-24 09:13:18', '2024-02-24 09:13:18'),
(27, 1, 310, '2024-03-14 14:23:27', '2024-03-14 14:23:27'),
(28, 1, 311, '2024-03-17 07:03:59', '2024-03-17 07:03:59'),
(29, 1, 312, '2024-03-17 11:36:38', '2024-03-17 11:36:38'),
(30, 2, 313, '2024-03-17 11:51:17', '2024-03-17 11:51:17'),
(31, 2, 314, '2024-03-20 21:41:58', '2024-03-20 21:41:58'),
(32, 1, 315, '2024-03-20 21:46:48', '2024-03-20 21:46:48'),
(33, 1, 316, '2024-03-23 14:30:22', '2024-03-23 14:30:22'),
(34, 1, 317, '2024-03-24 06:57:23', '2024-03-24 06:57:23'),
(35, 2, 332, '2024-04-25 04:57:32', '2024-04-25 04:57:32'),
(36, 2, 333, '2024-04-25 04:57:37', '2024-04-25 04:57:37'),
(37, 2, 334, '2024-04-25 05:00:08', '2024-04-25 05:00:08'),
(38, 2, 335, '2024-04-25 05:00:12', '2024-04-25 05:00:12'),
(39, 2, 336, '2024-04-25 05:01:04', '2024-04-25 05:01:04'),
(40, 2, 337, '2024-04-25 05:01:06', '2024-04-25 05:01:06'),
(41, 2, 338, '2024-04-25 05:04:46', '2024-04-25 05:04:46'),
(42, 2, 339, '2024-04-25 05:06:58', '2024-04-25 05:06:58'),
(43, 2, 340, '2024-04-25 05:07:24', '2024-04-25 05:07:24'),
(44, 2, 341, '2024-04-25 05:07:59', '2024-04-25 05:07:59'),
(45, 2, 342, '2024-04-25 05:11:33', '2024-04-25 05:11:33'),
(46, 2, 343, '2024-04-25 05:11:39', '2024-04-25 05:11:39'),
(47, 2, 344, '2024-04-25 05:13:20', '2024-04-25 05:13:20'),
(48, 2, 345, '2024-04-25 05:13:39', '2024-04-25 05:13:39'),
(49, 2, 346, '2024-04-25 05:14:40', '2024-04-25 05:14:40'),
(50, 2, 347, '2024-04-25 05:35:06', '2024-04-25 05:35:06'),
(51, 2, 348, '2024-04-25 05:35:36', '2024-04-25 05:35:36'),
(52, 2, 349, '2024-04-25 07:57:16', '2024-04-25 07:57:16'),
(53, 2, 350, '2024-04-25 07:58:47', '2024-04-25 07:58:47'),
(54, 2, 351, '2024-04-25 07:58:58', '2024-04-25 07:58:58'),
(55, 2, 392, '2024-04-25 10:33:48', '2024-04-25 10:33:48'),
(56, 1, 393, '2024-04-25 10:35:56', '2024-04-25 10:35:56'),
(57, 2, 394, '2024-04-25 22:09:42', '2024-04-25 22:09:42'),
(58, 2, 395, '2024-04-25 22:33:21', '2024-04-25 22:33:21'),
(59, 2, 396, '2024-04-25 22:39:36', '2024-04-25 22:39:36'),
(60, 1, 397, '2024-04-25 22:43:07', '2024-04-25 22:43:07'),
(61, 3, 398, '2024-04-25 22:50:32', '2024-04-25 22:50:32'),
(62, 2, 399, '2024-04-25 22:55:46', '2024-04-25 22:55:46'),
(63, 1, 400, '2024-04-25 23:07:44', '2024-04-25 23:07:44'),
(64, 2, 401, '2024-04-25 23:10:14', '2024-04-25 23:10:14'),
(65, 1, 402, '2024-04-25 23:18:11', '2024-04-25 23:18:11'),
(66, 1, 403, '2024-04-25 23:21:10', '2024-04-25 23:21:10'),
(67, 2, 404, '2024-04-25 23:25:09', '2024-04-25 23:25:09'),
(68, 2, 405, '2024-04-25 23:27:27', '2024-04-25 23:27:27'),
(69, 2, 406, '2024-04-25 23:34:37', '2024-04-25 23:34:37'),
(70, 2, 407, '2024-04-25 23:37:48', '2024-04-25 23:37:48'),
(71, 2, 408, '2024-04-25 23:38:56', '2024-04-25 23:38:56'),
(72, 1, 409, '2024-04-25 23:44:35', '2024-04-25 23:44:35'),
(73, 2, 410, '2024-04-25 23:46:19', '2024-04-25 23:46:19'),
(74, 2, 411, '2024-04-25 23:47:39', '2024-04-25 23:47:39'),
(75, 1, 412, '2024-04-25 23:50:52', '2024-04-25 23:50:52'),
(76, 2, 413, '2024-04-25 23:52:18', '2024-04-25 23:52:18'),
(77, 1, 414, '2024-04-26 00:02:12', '2024-04-26 00:02:12'),
(78, 1, 415, '2024-04-26 00:08:31', '2024-04-26 00:08:31'),
(79, 1, 416, '2024-04-26 00:10:00', '2024-04-26 00:10:00'),
(80, 1, 417, '2024-04-26 00:13:54', '2024-04-26 00:13:54'),
(81, 1, 418, '2024-04-26 00:16:44', '2024-04-26 00:16:44'),
(82, 2, 419, '2024-04-26 00:19:15', '2024-04-26 00:19:15'),
(83, 2, 420, '2024-04-26 00:21:56', '2024-04-26 00:21:56'),
(84, 2, 421, '2024-04-26 00:23:02', '2024-04-26 00:23:02'),
(85, 1, 422, '2024-04-26 00:28:20', '2024-04-26 00:28:20'),
(86, 1, 423, '2024-04-26 00:29:00', '2024-04-26 00:29:00'),
(87, 1, 424, '2024-04-26 00:30:31', '2024-04-26 00:30:31'),
(88, 2, 425, '2024-04-26 00:32:00', '2024-04-26 00:32:00'),
(89, 2, 426, '2024-04-26 00:38:17', '2024-04-26 00:38:17'),
(90, 1, 427, '2024-04-26 00:39:56', '2024-04-26 00:39:56'),
(91, 1, 428, '2024-04-26 05:02:37', '2024-04-26 05:02:37'),
(92, 2, 429, '2024-04-26 05:05:01', '2024-04-26 05:05:01'),
(93, 2, 430, '2024-04-26 05:05:02', '2024-04-26 05:05:02'),
(94, 1, 431, '2024-04-26 05:23:49', '2024-04-26 05:23:49'),
(95, 1, 432, '2024-04-26 05:25:19', '2024-04-26 05:25:19'),
(96, 1, 433, '2025-03-25 17:55:17', '2025-03-25 17:55:17'),
(97, 1, 434, '2025-03-29 16:57:34', '2025-03-29 16:57:34'),
(98, 1, 435, '2025-03-30 06:05:40', '2025-03-30 06:05:40'),
(99, 1, 436, '2025-03-30 06:09:12', '2025-03-30 06:09:12'),
(100, 1, 437, '2025-03-30 06:12:00', '2025-03-30 06:12:00'),
(101, 1, 443, '2025-03-30 06:32:56', '2025-03-30 06:32:56'),
(102, 1, 448, '2025-03-30 06:34:54', '2025-03-30 06:34:54'),
(103, 1, 449, '2025-03-30 06:35:36', '2025-03-30 06:35:36'),
(104, 1, 450, '2025-03-30 06:36:06', '2025-03-30 06:36:06'),
(105, 1, 454, '2025-03-30 06:42:38', '2025-03-30 06:42:38'),
(106, 1, 455, '2025-03-30 06:42:52', '2025-03-30 06:42:52'),
(107, 1, 456, '2025-03-30 06:44:34', '2025-03-30 06:44:34'),
(108, 3, 457, '2025-03-30 06:48:51', '2025-03-30 06:48:51'),
(109, 3, 458, '2025-03-30 06:49:02', '2025-03-30 06:49:02'),
(110, 3, 459, '2025-03-30 06:50:16', '2025-03-30 06:50:16'),
(111, 1, 460, '2025-03-30 07:02:28', '2025-03-30 07:02:28'),
(112, 1, 465, '2025-03-30 07:08:18', '2025-03-30 07:08:18'),
(113, 1, 466, '2025-03-30 07:10:06', '2025-03-30 07:10:06'),
(114, 1, 467, '2025-03-30 07:11:25', '2025-03-30 07:11:25'),
(115, 1, 468, '2025-03-30 08:59:59', '2025-03-30 08:59:59'),
(116, 1, 469, '2025-03-30 14:49:27', '2025-03-30 14:49:27'),
(117, 1, 470, '2025-03-30 16:04:55', '2025-03-30 16:04:55'),
(118, 1, 471, '2025-03-30 16:04:57', '2025-03-30 16:04:57'),
(119, 1, 472, '2025-03-30 16:05:02', '2025-03-30 16:05:02'),
(120, 1, 473, '2025-03-30 16:05:08', '2025-03-30 16:05:08'),
(121, 1, 474, '2025-03-30 16:05:09', '2025-03-30 16:05:09'),
(122, 1, 475, '2025-03-30 16:05:10', '2025-03-30 16:05:10'),
(123, 1, 476, '2025-03-30 16:05:16', '2025-03-30 16:05:16'),
(124, 1, 477, '2025-03-30 16:14:10', '2025-03-30 16:14:10'),
(125, 1, 478, '2025-03-30 16:14:14', '2025-03-30 16:14:14'),
(126, 1, 479, '2025-03-30 16:17:51', '2025-03-30 16:17:51'),
(127, 1, 480, '2025-03-30 20:08:56', '2025-03-30 20:08:56'),
(128, 1, 481, '2025-03-30 20:11:58', '2025-03-30 20:11:58'),
(129, 1, 482, '2025-03-30 20:15:30', '2025-03-30 20:15:30'),
(130, 3, 483, '2025-04-06 10:40:26', '2025-04-06 10:40:26'),
(131, 1, 484, '2025-04-06 22:25:32', '2025-04-06 22:25:32');

-- --------------------------------------------------------

--
-- Table structure for table `property_image_galleries`
--

CREATE TABLE `property_image_galleries` (
  `id` int(10) UNSIGNED NOT NULL,
  `property_id` int(10) UNSIGNED NOT NULL,
  `name` varchar(255) CHARACTER SET utf8mb4 COLLATE utf8mb4_unicode_ci DEFAULT NULL,
  `path` text NOT NULL,
  `size` varchar(255) CHARACTER SET utf8mb4 COLLATE utf8mb4_unicode_ci DEFAULT NULL,
  `created_at` timestamp NULL DEFAULT NULL,
  `updated_at` timestamp NULL DEFAULT NULL
) ENGINE=InnoDB DEFAULT CHARSET=utf8mb4 COLLATE=utf8mb4_general_ci;

--
-- Dumping data for table `property_image_galleries`
--

INSERT INTO `property_image_galleries` (`id`, `property_id`, `name`, `path`, `size`, `created_at`, `updated_at`) VALUES
(421, 469, '8Ui7P0cN5feQDnHV.webp', 'images/gallery/8Ui7P0cN5feQDnHV.webp', '30990', '2025-03-30 15:51:35', '2025-03-30 15:51:35'),
(422, 469, 'rpKpLRWIyzY5VY5o.webp', 'images/gallery/rpKpLRWIyzY5VY5o.webp', '15682', '2025-03-30 15:51:36', '2025-03-30 15:51:36'),
(425, 469, 'GWIrefzEGS4SaDNQ.webp', 'images/gallery/GWIrefzEGS4SaDNQ.webp', '5440', '2025-03-30 16:01:44', '2025-03-30 16:01:44'),
(426, 469, 'dnLUn1rn8wsRJk36.webp', 'images/gallery/dnLUn1rn8wsRJk36.webp', '30114', '2025-03-30 16:02:19', '2025-03-30 16:02:19'),
(427, 469, 'dW3Q7DRAX8BAHPWa.webp', 'images/gallery/dW3Q7DRAX8BAHPWa.webp', '56602', '2025-03-30 16:02:19', '2025-03-30 16:02:19'),
(428, 468, 'hcdz2aDTjqzphNw1.webp', 'images/gallery/hcdz2aDTjqzphNw1.webp', '40716', '2025-03-30 16:03:36', '2025-03-30 16:03:36'),
(429, 470, 'oRN2tb9rCbxunmVc.webp', 'images/gallery/oRN2tb9rCbxunmVc.webp', '30990', '2025-03-30 16:04:55', '2025-03-30 16:04:55'),
(430, 470, 'hiHHEwwbWlQx7rae.webp', 'images/gallery/hiHHEwwbWlQx7rae.webp', '15682', '2025-03-30 16:04:55', '2025-03-30 16:04:55'),
(431, 470, 'SFm2aFEhZnHOYszY.webp', 'images/gallery/SFm2aFEhZnHOYszY.webp', '30990', '2025-03-30 16:04:56', '2025-03-30 16:04:56'),
(432, 470, 'WqnayXieKLmC8v9X.webp', 'images/gallery/WqnayXieKLmC8v9X.webp', '15682', '2025-03-30 16:04:56', '2025-03-30 16:04:56'),
(433, 471, 'RxDDaMrgQxkfl9Rm.webp', 'images/gallery/RxDDaMrgQxkfl9Rm.webp', '30990', '2025-03-30 16:04:58', '2025-03-30 16:04:58'),
(434, 471, 'pguthdmjHKaWctFZ.webp', 'images/gallery/pguthdmjHKaWctFZ.webp', '15682', '2025-03-30 16:04:58', '2025-03-30 16:04:58'),
(435, 471, 'Y4EzfSuhDczrxCyW.webp', 'images/gallery/Y4EzfSuhDczrxCyW.webp', '30990', '2025-03-30 16:04:58', '2025-03-30 16:04:58'),
(436, 471, 'TSoIOnoIaDMhKy3l.webp', 'images/gallery/TSoIOnoIaDMhKy3l.webp', '15682', '2025-03-30 16:04:59', '2025-03-30 16:04:59'),
(437, 472, 'Zn1j3RXvbRnZZRag.webp', 'images/gallery/Zn1j3RXvbRnZZRag.webp', '30990', '2025-03-30 16:05:02', '2025-03-30 16:05:02'),
(438, 472, 'sOZAP6uQ5myetqtW.webp', 'images/gallery/sOZAP6uQ5myetqtW.webp', '15682', '2025-03-30 16:05:02', '2025-03-30 16:05:02'),
(439, 472, 'KklpWsfqHW4wHhum.webp', 'images/gallery/KklpWsfqHW4wHhum.webp', '30990', '2025-03-30 16:05:02', '2025-03-30 16:05:02'),
(440, 472, '1NkH5CKYgPXHAoFo.webp', 'images/gallery/1NkH5CKYgPXHAoFo.webp', '15682', '2025-03-30 16:05:02', '2025-03-30 16:05:02'),
(441, 473, 'Kwa3P8TXX0aH46Pz.webp', 'images/gallery/Kwa3P8TXX0aH46Pz.webp', '30990', '2025-03-30 16:05:08', '2025-03-30 16:05:08'),
(442, 473, 'hHhBu8nCQbqJWLJ6.webp', 'images/gallery/hHhBu8nCQbqJWLJ6.webp', '15682', '2025-03-30 16:05:08', '2025-03-30 16:05:08'),
(443, 473, 'KaKDLeZig87bVHs3.webp', 'images/gallery/KaKDLeZig87bVHs3.webp', '30990', '2025-03-30 16:05:08', '2025-03-30 16:05:08'),
(444, 473, 'wnVTFRxQ2L7epHXh.webp', 'images/gallery/wnVTFRxQ2L7epHXh.webp', '15682', '2025-03-30 16:05:08', '2025-03-30 16:05:08'),
(445, 474, '2ETaXwCNwuwDoE5r.webp', 'images/gallery/2ETaXwCNwuwDoE5r.webp', '30990', '2025-03-30 16:05:09', '2025-03-30 16:05:09'),
(446, 474, '5mEog3qv1SwNeH7Y.webp', 'images/gallery/5mEog3qv1SwNeH7Y.webp', '15682', '2025-03-30 16:05:09', '2025-03-30 16:05:09'),
(447, 474, 'R2jVzQdfFDHvQ3lR.webp', 'images/gallery/R2jVzQdfFDHvQ3lR.webp', '30990', '2025-03-30 16:05:09', '2025-03-30 16:05:09'),
(448, 474, 'fJM4vrNE7dgMicjB.webp', 'images/gallery/fJM4vrNE7dgMicjB.webp', '15682', '2025-03-30 16:05:10', '2025-03-30 16:05:10'),
(449, 475, 'TzrryrmOoQK0WNEv.webp', 'images/gallery/TzrryrmOoQK0WNEv.webp', '30990', '2025-03-30 16:05:10', '2025-03-30 16:05:10'),
(450, 475, 'qmoxVUMvPR3fIlvl.webp', 'images/gallery/qmoxVUMvPR3fIlvl.webp', '15682', '2025-03-30 16:05:11', '2025-03-30 16:05:11'),
(451, 475, 'XINDy7N3Q1MF86bK.webp', 'images/gallery/XINDy7N3Q1MF86bK.webp', '30990', '2025-03-30 16:05:11', '2025-03-30 16:05:11'),
(452, 475, '5oxGKfP4CmiqTkus.webp', 'images/gallery/5oxGKfP4CmiqTkus.webp', '15682', '2025-03-30 16:05:11', '2025-03-30 16:05:11'),
(453, 476, 'IbIgMKgBirJ4gNi1.webp', 'images/gallery/IbIgMKgBirJ4gNi1.webp', '30990', '2025-03-30 16:05:16', '2025-03-30 16:05:16'),
(454, 476, 'TWOYjoTb0KZyrsSv.webp', 'images/gallery/TWOYjoTb0KZyrsSv.webp', '15682', '2025-03-30 16:05:17', '2025-03-30 16:05:17'),
(455, 476, '3bUpWjDYXyqs8SwX.webp', 'images/gallery/3bUpWjDYXyqs8SwX.webp', '30990', '2025-03-30 16:05:17', '2025-03-30 16:05:17'),
(456, 476, 'CdqsazsmHqv4nJcS.webp', 'images/gallery/CdqsazsmHqv4nJcS.webp', '15682', '2025-03-30 16:05:17', '2025-03-30 16:05:17'),
(457, 477, '172L8UGnaS48yv5m.webp', 'images/gallery/172L8UGnaS48yv5m.webp', '30990', '2025-03-30 16:14:11', '2025-03-30 16:14:11'),
(458, 477, 'aRXo4NidaN9uk5uy.webp', 'images/gallery/aRXo4NidaN9uk5uy.webp', '30990', '2025-03-30 16:14:11', '2025-03-30 16:14:11'),
(459, 478, 'JLCuqAlpuWPxZZs9.webp', 'images/gallery/JLCuqAlpuWPxZZs9.webp', '30990', '2025-03-30 16:14:14', '2025-03-30 16:14:14'),
(460, 478, 'vI3XXftCA7rf1Q8o.webp', 'images/gallery/vI3XXftCA7rf1Q8o.webp', '30990', '2025-03-30 16:14:14', '2025-03-30 16:14:14'),
(461, 479, '8tr9ZDmEHGt49fdz.webp', 'images/gallery/8tr9ZDmEHGt49fdz.webp', '30990', '2025-03-30 16:17:51', '2025-03-30 16:17:51'),
(462, 479, '5Ev7s3Lj0hBkkwFA.webp', 'images/gallery/5Ev7s3Lj0hBkkwFA.webp', '74220', '2025-03-30 16:18:31', '2025-03-30 16:18:31'),
(464, 480, 'FZZULm5lAUi2ePLo.webp', 'images/gallery/FZZULm5lAUi2ePLo.webp', '74412', '2025-03-30 20:08:56', '2025-03-30 20:08:56'),
(465, 480, '9dxfDzd1aZ9yPBBa.webp', 'images/gallery/9dxfDzd1aZ9yPBBa.webp', '74220', '2025-03-30 20:08:57', '2025-03-30 20:08:57'),
(466, 481, 'buJnFxNg9ab4qiPy.webp', 'images/gallery/buJnFxNg9ab4qiPy.webp', '56602', '2025-03-30 20:11:58', '2025-03-30 20:11:58'),
(467, 482, 'LMqP85c4V6hPn9rv.webp', 'images/gallery/LMqP85c4V6hPn9rv.webp', '56602', '2025-03-30 20:15:30', '2025-03-30 20:15:30'),
(468, 483, '4CFV6XnZO8bnSIrX.webp', 'images/gallery/4CFV6XnZO8bnSIrX.webp', '42274', '2025-04-06 10:40:27', '2025-04-06 10:40:27'),
(469, 484, 'gOO0QcFLbmKO62UT.webp', 'images/gallery/gOO0QcFLbmKO62UT.webp', '39856', '2025-04-06 22:25:32', '2025-04-06 22:25:32'),
(470, 484, 'ZvREotgA86E8I53r.webp', 'images/gallery/ZvREotgA86E8I53r.webp', '16068', '2025-04-06 22:25:32', '2025-04-06 22:25:32');

-- --------------------------------------------------------

--
-- Table structure for table `property_locations`
--

CREATE TABLE `property_locations` (
  `id` int(11) NOT NULL,
  `region_id` int(11) NOT NULL,
  `district_id` int(11) DEFAULT NULL,
  `property_id` int(11) NOT NULL,
  `name` varchar(100) NOT NULL,
  `created_at` timestamp NOT NULL DEFAULT current_timestamp(),
  `updated_at` timestamp NOT NULL DEFAULT current_timestamp()
) ENGINE=InnoDB DEFAULT CHARSET=utf8mb4 COLLATE=utf8mb4_general_ci;

--
-- Dumping data for table `property_locations`
--

INSERT INTO `property_locations` (`id`, `region_id`, `district_id`, `property_id`, `name`, `created_at`, `updated_at`) VALUES
(140, 1, 2, 223, 'Mbezi beach,Jogoo', '2023-06-17 17:34:34', '2023-06-17 17:34:34'),
(141, 1, 2, 224, 'Mbezi Beach,Jogoo', '2023-06-17 18:48:19', '2023-06-17 18:48:19'),
(142, 1, 2, 225, 'Mbezi Beach', '2023-06-17 19:00:35', '2023-06-17 19:00:35'),
(143, 1, 2, 226, 'Mbezi Beach', '2023-06-17 20:30:16', '2023-06-17 20:30:16'),
(144, 1, 1, 227, 'Kawe', '2023-07-01 18:09:33', '2023-07-01 18:09:33'),
(145, 1, 1, 228, 'Kawe', '2023-07-01 19:01:01', '2023-07-01 19:01:01'),
(146, 1, 1, 229, 'Pwani', '2023-07-01 19:42:18', '2023-07-01 19:42:18'),
(147, 1, 1, 230, 'Pwani', '2023-07-01 19:43:49', '2023-07-01 19:43:49'),
(148, 1, 1, 231, 'Pwani', '2023-07-01 19:44:00', '2023-07-01 19:44:00'),
(149, 1, 1, 232, 'Pwani', '2023-07-01 19:45:09', '2023-07-01 19:45:09'),
(150, 1, 1, 233, 'Pwani', '2023-07-01 19:49:13', '2023-07-01 19:49:13'),
(151, 1, 1, 234, 'Bagamoyo Pwani', '2023-07-01 19:54:49', '2023-07-01 19:54:49'),
(152, 1, 1, 235, 'Pwani', '2023-07-01 20:00:06', '2023-07-01 20:00:06'),
(153, 1, 1, 236, 'Mbezi Beach', '2023-07-01 20:08:20', '2023-07-01 20:08:20'),
(154, 1, 1, 237, 'Kawe', '2023-07-02 06:27:15', '2023-07-02 06:27:15'),
(155, 1, 1, 238, 'kawe', '2023-07-02 08:25:03', '2023-07-02 08:25:03'),
(156, 1, 1, 239, 'Kawe', '2023-07-02 08:26:34', '2023-07-02 08:26:34'),
(157, 1, 1, 240, 'Mbezi Beach', '2023-07-02 08:30:12', '2023-07-02 08:30:12'),
(158, 3, 3, 241, 'Fukayosi', '2023-07-02 08:34:22', '2023-07-02 08:34:22'),
(159, 1, 4, 242, 'Masaki', '2023-07-02 18:20:33', '2023-07-02 18:20:33'),
(160, 1, 4, 243, 'Masaki', '2023-07-02 18:24:31', '2023-07-02 18:24:31'),
(161, 3, 3, 244, 'Bagamoyo', '2023-07-04 16:18:50', '2023-07-04 16:18:50'),
(162, 3, 3, 245, 'Bagamoyo', '2023-07-04 16:20:27', '2023-07-04 16:20:27'),
(163, 1, 4, 246, 'Mbezi', '2023-07-04 16:22:07', '2023-07-04 16:22:07'),
(164, 3, 3, 247, 'Bagamoyo', '2023-07-04 16:24:23', '2023-07-04 16:24:23'),
(165, 3, 3, 248, 'Bagamoyo', '2023-07-04 16:28:45', '2023-07-04 16:28:45'),
(166, 1, 4, 249, 'Kinondoni', '2023-07-04 16:32:14', '2023-07-04 16:32:14'),
(167, 3, 3, 250, 'Bagamoyo', '2023-07-04 16:51:29', '2023-07-04 16:51:29'),
(168, 3, 3, 251, 'Bagamoyo', '2023-07-04 16:53:39', '2023-07-04 16:53:39'),
(169, 1, 4, 252, 'Kinondoni', '2023-07-04 16:55:05', '2023-07-04 16:55:05'),
(170, 1, 4, 253, 'Mbezi Beach', '2023-07-04 17:01:03', '2023-07-04 17:01:03'),
(171, 1, 1, 254, 'Kimara', '2023-07-05 16:22:51', '2023-07-05 16:22:51'),
(172, 1, 1, 255, 'Kimara', '2023-07-05 16:26:43', '2023-07-05 16:26:43'),
(173, 4, 13, 256, 'usagara', '2023-07-05 16:31:15', '2023-07-05 16:31:15'),
(174, 1, 4, 257, 'Mbezi Beach', '2023-07-08 00:18:37', '2023-07-08 00:18:37'),
(175, 1, 4, 258, 'Mbezi Beach', '2023-07-08 00:22:22', '2023-07-08 00:22:22'),
(176, 1, 4, 259, 'Mbezi Beach', '2023-07-08 00:24:58', '2023-07-08 00:24:58'),
(177, 1, 4, 260, 'Mbezi Beach', '2023-07-08 00:27:00', '2023-07-08 00:27:00'),
(178, 1, 1, 261, 'luguruni', '2023-07-08 12:35:11', '2023-07-08 12:35:11'),
(179, 1, 4, 262, 'Sayansi', '2023-07-08 12:41:03', '2023-07-08 12:41:03'),
(180, 1, 1, 263, 'Mbezi Msumi', '2023-07-11 04:41:59', '2023-07-11 04:41:59'),
(181, 1, 4, 264, 'Kinondoni', '2023-07-12 23:35:24', '2023-07-12 23:35:24'),
(182, 1, 4, 265, 'Tegeta', '2023-07-12 23:42:17', '2023-07-12 23:42:17'),
(183, 1, 4, 266, 'Madale Mikoroshini', '2023-07-18 23:39:29', '2023-07-18 23:39:29'),
(184, 3, 3, 267, 'Napatikana mda wote', '2023-07-20 03:32:54', '2023-07-20 03:32:54'),
(185, 1, 4, 268, 'near Zanziba ferry', '2023-07-21 00:20:42', '2023-07-21 00:20:42'),
(186, 1, 4, 269, 'Mwenge', '2023-07-23 23:01:59', '2023-07-23 23:01:59'),
(187, 1, 4, 270, 'Mbezi Beach Muafaka', '2023-07-29 09:54:14', '2023-07-29 09:54:14'),
(188, 1, 4, 271, 'Kunduchi', '2023-07-29 10:06:45', '2023-07-29 10:06:45'),
(189, 1, 1, 272, 'Makoka', '2023-08-02 06:41:45', '2023-08-02 06:41:45'),
(190, 1, 5, 273, 'chanika', '2023-08-12 06:30:29', '2023-08-12 06:30:29'),
(191, 4, 18, 274, 'dodoma', '2023-08-14 04:30:00', '2023-08-14 04:30:00'),
(192, 1, 4, 275, 'Mbezi Beach B, Muafaka Street', '2023-09-02 16:37:53', '2023-09-02 16:37:53'),
(193, 1, 7, 276, 'kigamboni', '2023-09-09 09:14:34', '2023-09-09 09:14:34'),
(194, 1, 4, 277, 'Goba', '2023-09-11 23:30:10', '2023-09-11 23:30:10'),
(195, 5, 22, 278, 'Dodoma', '2023-09-18 02:25:41', '2023-09-18 02:25:41'),
(196, 1, 7, 279, 'kigamboni', '2023-09-23 04:50:24', '2023-09-23 04:50:24'),
(197, 1, 4, 280, 'Salasala', '2023-10-18 02:58:46', '2023-10-18 02:58:46'),
(198, 1, 4, 281, 'Mbweni', '2023-11-16 02:56:13', '2023-11-16 02:56:13'),
(199, 3, 3, 282, 'Kiwangwa', '2023-11-30 03:04:40', '2023-11-30 03:04:40'),
(200, 3, 3, 283, 'Kiwangwa', '2023-11-30 03:17:36', '2023-11-30 03:17:36'),
(201, 1, 4, 284, 'Mbezi Beach', '2023-11-30 03:52:38', '2023-11-30 03:52:38'),
(202, 1, 4, 285, 'Sayansi', '2023-12-23 03:40:01', '2023-12-23 03:40:01'),
(203, 1, 4, 286, 'Masaki', '2023-12-23 03:43:25', '2023-12-23 03:43:25'),
(204, 2, 2, 287, 'Arusha', '2023-12-29 01:42:12', '2023-12-29 01:42:12'),
(205, 2, 2, 288, 'MOROMBO', '2023-12-29 01:52:25', '2023-12-29 01:52:25'),
(206, 2, 2, 289, 'Arusha', '2023-12-29 01:58:07', '2023-12-29 01:58:07'),
(207, 2, 2, 290, 'Morombo', '2023-12-29 02:03:50', '2023-12-29 02:03:50'),
(208, 1, 4, 291, 'Mikocheni', '2024-01-02 23:33:48', '2024-01-02 23:33:48'),
(209, 1, 4, 292, 'Goba', '2024-01-02 23:39:17', '2024-01-02 23:39:17'),
(210, 1, 4, 293, 'OysterBay/Masaki', '2024-01-02 23:45:02', '2024-01-02 23:45:02'),
(211, 1, 4, 294, 'sinza', '2024-01-04 17:33:02', '2024-01-04 17:33:02'),
(212, 4, 14, 295, 'Mwanza', '2024-01-04 17:38:06', '2024-01-04 17:38:06'),
(213, 1, 4, 296, 'bunju', '2024-01-18 19:51:11', '2024-01-18 19:51:11'),
(214, 1, 4, 297, 'goba center', '2024-01-18 19:59:54', '2024-01-18 19:59:54'),
(215, 2, 9, 298, 'Boma', '2024-01-21 08:15:12', '2024-01-21 08:15:12'),
(216, 2, 2, 299, 'Mushono', '2024-01-21 20:33:20', '2024-01-21 20:33:20'),
(217, 2, 2, 300, 'Sakina', '2024-01-21 20:36:13', '2024-01-21 20:36:13'),
(218, 1, 4, 301, 'Makumbusho', '2024-01-23 19:22:19', '2024-01-23 19:22:19'),
(219, 1, 4, 302, 'Ununio Beach, Mbweni', '2024-01-23 19:34:56', '2024-01-23 19:34:56'),
(220, 3, 3, 303, 'Fukayosi', '2024-01-24 22:18:53', '2024-01-24 22:18:53'),
(221, 1, 4, 304, 'Msasani', '2024-01-24 22:21:38', '2024-01-24 22:21:38'),
(222, 2, 11, 305, 'Kikatiti', '2024-01-31 18:35:40', '2024-01-31 18:35:40'),
(223, 1, 4, 306, 'Mikocheni', '2024-02-04 23:37:59', '2024-02-04 23:37:59'),
(224, 2, 2, 307, 'Sakina', '2024-02-16 18:28:28', '2024-02-16 18:28:28'),
(225, 1, 4, 308, 'Masaki', '2024-02-16 18:33:29', '2024-02-16 18:33:29'),
(226, 2, 2, 309, 'kisongo', '2024-02-24 06:13:18', '2024-02-24 06:13:18'),
(227, 2, 2, 310, 'Murieti', '2024-03-14 11:23:27', '2024-03-14 11:23:27'),
(228, 2, 2, 311, 'murieti', '2024-03-17 04:03:59', '2024-03-17 04:03:59'),
(229, 3, 3, 312, 'Mlandizi', '2024-03-17 08:36:38', '2024-03-17 08:36:38'),
(230, 1, 4, 313, 'salasala', '2024-03-17 08:51:17', '2024-03-17 08:51:17'),
(231, 1, 7, 314, 'Kibada', '2024-03-20 18:41:58', '2024-03-20 18:41:58'),
(232, 1, 4, 315, 'dar', '2024-03-20 18:46:48', '2024-03-20 18:46:48'),
(233, 3, 3, 316, 'kiwangwa', '2024-03-23 11:30:22', '2024-03-23 11:30:22'),
(234, 1, 4, 317, 'Kibamba', '2024-03-24 03:57:23', '2024-03-24 03:57:23'),
(235, 1, 1, 325, 'hello', '2024-04-25 04:49:51', '2024-04-25 04:49:51'),
(236, 1, 1, 326, 'kelvin cosmas', '2024-04-25 04:50:39', '2024-04-25 04:50:39'),
(237, 1, 1, 327, 'kelvin cosmas', '2024-04-25 04:50:41', '2024-04-25 04:50:41'),
(238, 1, 1, 328, 'kelvin cosmas', '2024-04-25 04:51:18', '2024-04-25 04:51:18'),
(239, 1, 1, 329, 'kelvin cosmas', '2024-04-25 04:51:22', '2024-04-25 04:51:22'),
(240, 1, 1, 330, 'kelvin cosmas', '2024-04-25 04:56:48', '2024-04-25 04:56:48'),
(241, 1, 1, 331, 'kelvin cosmas', '2024-04-25 04:56:58', '2024-04-25 04:56:58'),
(242, 1, 1, 332, 'kelvin cosmas', '2024-04-25 04:57:32', '2024-04-25 04:57:32'),
(243, 1, 1, 333, 'kelvin cosmas', '2024-04-25 04:57:36', '2024-04-25 04:57:36'),
(244, 1, 1, 334, 'kelvin cosmas', '2024-04-25 05:00:08', '2024-04-25 05:00:08'),
(245, 1, 1, 335, 'kelvin cosmas', '2024-04-25 05:00:12', '2024-04-25 05:00:12'),
(246, 1, 1, 336, 'kelvin cosmas', '2024-04-25 05:01:04', '2024-04-25 05:01:04'),
(247, 1, 1, 337, 'kelvin cosmas', '2024-04-25 05:01:06', '2024-04-25 05:01:06'),
(248, 1, 1, 338, 'kelvin cosmas', '2024-04-25 05:04:46', '2024-04-25 05:04:46'),
(249, 1, 1, 339, 'kelvin cosmas', '2024-04-25 05:06:58', '2024-04-25 05:06:58'),
(250, 1, 1, 340, 'kelvin cosmas', '2024-04-25 05:07:24', '2024-04-25 05:07:24'),
(251, 1, 1, 341, 'kelvin cosmas', '2024-04-25 05:07:59', '2024-04-25 05:07:59'),
(252, 1, 1, 342, 'kelvin cosmas', '2024-04-25 05:11:33', '2024-04-25 05:11:33'),
(253, 1, 1, 343, 'kelvin cosmas', '2024-04-25 05:11:39', '2024-04-25 05:11:39'),
(254, 1, 1, 344, 'kelvin cosmas', '2024-04-25 05:13:20', '2024-04-25 05:13:20'),
(255, 1, 1, 345, 'kelvin cosmas', '2024-04-25 05:13:39', '2024-04-25 05:13:39'),
(256, 1, 1, 346, 'kelvin cosmas', '2024-04-25 05:14:40', '2024-04-25 05:14:40'),
(257, 1, 1, 347, 'kelvin cosmas', '2024-04-25 05:35:06', '2024-04-25 05:35:06'),
(258, 1, 1, 348, 'kelvin cosmas', '2024-04-25 05:35:36', '2024-04-25 05:35:36'),
(259, 1, 1, 349, 'kelvin cosmas', '2024-04-25 07:57:16', '2024-04-25 07:57:16'),
(260, 1, 1, 350, 'kelvin cosmas', '2024-04-25 07:58:47', '2024-04-25 07:58:47'),
(261, 1, 1, 351, 'kelvin cosmas', '2024-04-25 07:58:58', '2024-04-25 07:58:58'),
(262, 1, 1, 392, 'Arusha', '2024-04-25 10:33:48', '2024-04-25 10:33:48'),
(263, 2, 8, 393, 'Karatu', '2024-04-25 10:35:56', '2024-04-25 10:35:56'),
(264, 2, 2, 394, 'Gahshhs', '2024-04-25 22:09:42', '2024-04-25 22:09:42'),
(265, 1, 1, 395, 'Phyi', '2024-04-25 22:33:21', '2024-04-25 22:33:21'),
(266, 1, 4, 396, 'Pyhis', '2024-04-25 22:39:36', '2024-04-25 22:39:36'),
(267, 2, 8, 397, 'Hello', '2024-04-25 22:43:07', '2024-04-25 22:43:07'),
(268, 1, 4, 398, 'Pysical', '2024-04-25 22:50:32', '2024-04-25 22:50:32'),
(269, 2, 8, 399, 'Pyisics', '2024-04-25 22:55:46', '2024-04-25 22:55:46'),
(270, 1, 4, 400, 'Pysical address', '2024-04-25 23:07:44', '2024-04-25 23:07:44'),
(271, 2, 8, 401, 'Tffc', '2024-04-25 23:10:14', '2024-04-25 23:10:14'),
(272, 2, 2, 402, 'Hello', '2024-04-25 23:18:11', '2024-04-25 23:18:11'),
(273, 1, 4, 403, 'Hello', '2024-04-25 23:21:10', '2024-04-25 23:21:10'),
(274, 2, 8, 404, 'Pysical', '2024-04-25 23:25:09', '2024-04-25 23:25:09'),
(275, 2, 8, 405, 'Name', '2024-04-25 23:27:27', '2024-04-25 23:27:27'),
(276, 1, 4, 406, 'Hello', '2024-04-25 23:34:37', '2024-04-25 23:34:37'),
(277, 1, 4, 407, 'Hello', '2024-04-25 23:37:48', '2024-04-25 23:37:48'),
(278, 1, 1, 408, 'Hey', '2024-04-25 23:38:56', '2024-04-25 23:38:56'),
(279, 1, 1, 409, 'Arusha', '2024-04-25 23:44:35', '2024-04-25 23:44:35'),
(280, 2, 8, 410, 'Hello boss', '2024-04-25 23:46:19', '2024-04-25 23:46:19'),
(281, 2, 8, 411, 'Hello boss', '2024-04-25 23:47:39', '2024-04-25 23:47:39'),
(282, 1, 4, 412, 'Arusha', '2024-04-25 23:50:52', '2024-04-25 23:50:52'),
(283, 1, 4, 413, 'Arusha', '2024-04-25 23:52:18', '2024-04-25 23:52:18'),
(284, 1, 1, 414, 'Hello', '2024-04-26 00:02:12', '2024-04-26 00:02:12'),
(285, 1, 1, 415, 'Hello', '2024-04-26 00:08:31', '2024-04-26 00:08:31'),
(286, 2, 8, 416, 'Hey therir', '2024-04-26 00:10:00', '2024-04-26 00:10:00'),
(287, 1, 1, 417, 'Hey', '2024-04-26 00:13:54', '2024-04-26 00:13:54'),
(288, 1, 1, 418, 'Hey', '2024-04-26 00:16:44', '2024-04-26 00:16:44'),
(289, 1, 1, 419, 'Tags', '2024-04-26 00:19:15', '2024-04-26 00:19:15'),
(290, 1, 1, 420, 'Tags', '2024-04-26 00:21:56', '2024-04-26 00:21:56'),
(291, 1, 1, 421, 'Tags', '2024-04-26 00:23:02', '2024-04-26 00:23:02'),
(292, 1, 4, 422, 'Dar', '2024-04-26 00:28:20', '2024-04-26 00:28:20'),
(293, 1, 4, 423, 'Dar', '2024-04-26 00:29:00', '2024-04-26 00:29:00'),
(294, 1, 4, 424, 'Dar', '2024-04-26 00:30:31', '2024-04-26 00:30:31'),
(295, 1, 4, 425, 'Helo', '2024-04-26 00:32:00', '2024-04-26 00:32:00'),
(296, 1, 4, 426, 'Helo', '2024-04-26 00:38:17', '2024-04-26 00:38:17'),
(297, 1, 1, 427, 'Njiro', '2024-04-26 00:39:56', '2024-04-26 00:39:56'),
(298, 1, 1, 428, 'Mr android', '2024-04-26 05:02:37', '2024-04-26 05:02:37'),
(299, 1, 1, 429, 'Pysical', '2024-04-26 05:05:01', '2024-04-26 05:05:01'),
(300, 1, 1, 430, 'Pysical', '2024-04-26 05:05:02', '2024-04-26 05:05:02'),
(301, 2, 8, 431, 'Arusha', '2024-04-26 05:23:49', '2024-04-26 05:23:49'),
(302, 2, 2, 432, 'Hel', '2024-04-26 05:25:19', '2024-04-26 05:25:19'),
(303, 1, 7, 433, 'Kinondoni', '2025-03-25 17:55:17', '2025-03-25 17:55:17'),
(304, 5, 22, 434, 'Kinondoni', '2025-03-29 16:57:34', '2025-03-29 16:57:34'),
(305, 1, 7, 435, 'Kinondoni', '2025-03-30 06:05:40', '2025-03-30 06:05:40'),
(306, 1, 7, 436, 'Kinondoni', '2025-03-30 06:09:12', '2025-03-30 06:09:12'),
(307, 1, 7, 437, 'Kinondoni', '2025-03-30 06:12:00', '2025-03-30 06:12:00'),
(308, 1, 7, 439, 'Kinondoni', '2025-03-30 06:31:03', '2025-03-30 06:31:03'),
(309, 1, 7, 440, 'Kinondoni', '2025-03-30 06:31:37', '2025-03-30 06:31:37'),
(310, 1, 7, 441, 'Kinondoni', '2025-03-30 06:32:00', '2025-03-30 06:32:00'),
(311, 1, 7, 442, 'Kinondoni', '2025-03-30 06:32:32', '2025-03-30 06:32:32'),
(312, 1, 7, 443, 'Kinondoni', '2025-03-30 06:32:56', '2025-03-30 06:32:56'),
(313, 1, 7, 444, 'Kinondoni', '2025-03-30 06:33:24', '2025-03-30 06:33:24'),
(314, 1, 7, 445, 'Kinondoni', '2025-03-30 06:33:38', '2025-03-30 06:33:38'),
(315, 1, 7, 446, 'Kinondoni', '2025-03-30 06:34:27', '2025-03-30 06:34:27'),
(316, 1, 7, 447, 'Kinondoni', '2025-03-30 06:34:39', '2025-03-30 06:34:39'),
(317, 1, 7, 448, 'Kinondoni', '2025-03-30 06:34:54', '2025-03-30 06:34:54'),
(318, 1, 7, 449, 'Kinondoni', '2025-03-30 06:35:36', '2025-03-30 06:35:36'),
(319, 1, 7, 450, 'Kinondoni', '2025-03-30 06:36:06', '2025-03-30 06:36:06'),
(320, 1, 7, 451, 'Kinondoni', '2025-03-30 06:38:11', '2025-03-30 06:38:11'),
(321, 1, 7, 452, 'Kinondoni', '2025-03-30 06:39:57', '2025-03-30 06:39:57'),
(322, 1, 7, 453, 'Kinondoni', '2025-03-30 06:42:22', '2025-03-30 06:42:22'),
(323, 1, 7, 454, 'Kinondoni', '2025-03-30 06:42:38', '2025-03-30 06:42:38'),
(324, 1, 7, 455, 'Kinondoni', '2025-03-30 06:42:52', '2025-03-30 06:42:52'),
(325, 1, 7, 456, 'Kinondoni', '2025-03-30 06:44:34', '2025-03-30 06:44:34'),
(326, 1, 7, 457, 'Kinondoni', '2025-03-30 06:48:51', '2025-03-30 06:48:51'),
(327, 1, 7, 458, 'Kinondoni', '2025-03-30 06:49:02', '2025-03-30 06:49:02'),
(328, 1, 7, 459, 'Kinondoni', '2025-03-30 06:50:16', '2025-03-30 06:50:16'),
(329, 1, 1, 460, 'hello kelvin', '2025-03-30 07:02:28', '2025-03-30 07:02:28'),
(330, 1, 1, 461, 'hello kelvin', '2025-03-30 07:02:37', '2025-03-30 07:02:37'),
(334, 1, 1, 465, 'hello kelvin', '2025-03-30 07:08:18', '2025-03-30 07:08:18'),
(335, 1, 1, 466, 'hello kelvin', '2025-03-30 07:10:06', '2025-03-30 07:10:06'),
(336, 1, 1, 467, 'hello kelvin', '2025-03-30 07:11:25', '2025-03-30 07:11:25'),
(337, 1, 7, 468, 'location', '2025-03-30 08:59:59', '2025-03-30 08:59:59'),
(338, 1, 4, 469, 'kigambini', '2025-03-30 14:49:27', '2025-03-30 14:49:27'),
(339, 2, 2, 470, 'location', '2025-03-30 16:04:55', '2025-03-30 16:04:55'),
(340, 2, 2, 471, 'location', '2025-03-30 16:04:57', '2025-03-30 16:04:57'),
(341, 2, 2, 472, 'location', '2025-03-30 16:05:02', '2025-03-30 16:05:02'),
(342, 2, 2, 473, 'location', '2025-03-30 16:05:08', '2025-03-30 16:05:08'),
(343, 2, 2, 474, 'location', '2025-03-30 16:05:09', '2025-03-30 16:05:09'),
(344, 2, 2, 475, 'location', '2025-03-30 16:05:10', '2025-03-30 16:05:10'),
(345, 2, 2, 476, 'location', '2025-03-30 16:05:16', '2025-03-30 16:05:16'),
(346, 1, 7, 477, 'ggg', '2025-03-30 16:14:10', '2025-03-30 16:14:10'),
(347, 1, 7, 478, 'ggg', '2025-03-30 16:14:14', '2025-03-30 16:14:14'),
(348, 1, 7, 479, 'location', '2025-03-30 16:17:51', '2025-03-30 16:17:51'),
(349, 1, 7, 480, 'location', '2025-03-30 20:08:56', '2025-03-30 20:08:56'),
(350, 5, 21, 481, 'sinoni', '2025-03-30 20:11:58', '2025-03-30 20:11:58'),
(351, 1, 7, 482, 'Sub Location', '2025-03-30 20:15:30', '2025-03-30 20:15:30'),
(352, 1, 7, 483, 'location', '2025-04-06 10:40:26', '2025-04-06 10:40:26'),
(353, 1, 7, 484, 'location', '2025-04-06 22:25:32', '2025-04-06 22:25:32');

-- --------------------------------------------------------

--
-- Table structure for table `property_near_bies`
--

CREATE TABLE `property_near_bies` (
  `id` int(11) NOT NULL,
  `property_id` int(11) NOT NULL,
  `near_by_id` int(11) NOT NULL,
  `created_at` timestamp NOT NULL DEFAULT current_timestamp(),
  `updated_at` timestamp NOT NULL DEFAULT current_timestamp()
) ENGINE=InnoDB DEFAULT CHARSET=utf8mb4 COLLATE=utf8mb4_general_ci;

--
-- Dumping data for table `property_near_bies`
--

INSERT INTO `property_near_bies` (`id`, `property_id`, `near_by_id`, `created_at`, `updated_at`) VALUES
(215, 238, 1, '2023-07-02 11:25:03', '2023-07-02 11:25:03'),
(216, 238, 2, '2023-07-02 11:25:03', '2023-07-02 11:25:03'),
(217, 239, 2, '2023-07-02 11:26:34', '2023-07-02 11:26:34'),
(218, 240, 1, '2023-07-02 11:30:12', '2023-07-02 11:30:12'),
(219, 240, 2, '2023-07-02 11:30:12', '2023-07-02 11:30:12'),
(220, 241, 2, '2023-07-02 11:34:22', '2023-07-02 11:34:22'),
(221, 242, 1, '2023-07-02 21:20:33', '2023-07-02 21:20:33'),
(222, 242, 5, '2023-07-02 21:20:33', '2023-07-02 21:20:33'),
(223, 242, 9, '2023-07-02 21:20:33', '2023-07-02 21:20:33'),
(224, 242, 7, '2023-07-02 21:20:33', '2023-07-02 21:20:33'),
(225, 242, 4, '2023-07-02 21:20:33', '2023-07-02 21:20:33'),
(226, 243, 1, '2023-07-02 21:24:31', '2023-07-02 21:24:31'),
(227, 243, 6, '2023-07-02 21:24:31', '2023-07-02 21:24:31'),
(228, 243, 9, '2023-07-02 21:24:31', '2023-07-02 21:24:31'),
(229, 243, 7, '2023-07-02 21:24:31', '2023-07-02 21:24:31'),
(230, 243, 4, '2023-07-02 21:24:31', '2023-07-02 21:24:31'),
(231, 243, 10, '2023-07-02 21:24:31', '2023-07-02 21:24:31'),
(232, 244, 5, '2023-07-04 19:18:50', '2023-07-04 19:18:50'),
(233, 245, 3, '2023-07-04 19:20:27', '2023-07-04 19:20:27'),
(234, 246, 1, '2023-07-04 19:22:07', '2023-07-04 19:22:07'),
(235, 246, 6, '2023-07-04 19:22:07', '2023-07-04 19:22:07'),
(236, 246, 9, '2023-07-04 19:22:07', '2023-07-04 19:22:07'),
(237, 246, 7, '2023-07-04 19:22:07', '2023-07-04 19:22:07'),
(238, 247, 3, '2023-07-04 19:24:23', '2023-07-04 19:24:23'),
(239, 248, 3, '2023-07-04 19:28:45', '2023-07-04 19:28:45'),
(240, 249, 1, '2023-07-04 19:32:14', '2023-07-04 19:32:14'),
(241, 249, 6, '2023-07-04 19:32:14', '2023-07-04 19:32:14'),
(242, 249, 5, '2023-07-04 19:32:14', '2023-07-04 19:32:14'),
(243, 249, 9, '2023-07-04 19:32:14', '2023-07-04 19:32:14'),
(244, 249, 7, '2023-07-04 19:32:14', '2023-07-04 19:32:14'),
(245, 250, 3, '2023-07-04 19:51:29', '2023-07-04 19:51:29'),
(246, 251, 3, '2023-07-04 19:53:39', '2023-07-04 19:53:39'),
(247, 252, 1, '2023-07-04 19:55:05', '2023-07-04 19:55:05'),
(248, 252, 6, '2023-07-04 19:55:05', '2023-07-04 19:55:05'),
(249, 252, 5, '2023-07-04 19:55:05', '2023-07-04 19:55:05'),
(250, 252, 9, '2023-07-04 19:55:05', '2023-07-04 19:55:05'),
(251, 252, 7, '2023-07-04 19:55:05', '2023-07-04 19:55:05'),
(252, 252, 4, '2023-07-04 19:55:05', '2023-07-04 19:55:05'),
(253, 253, 1, '2023-07-04 20:01:03', '2023-07-04 20:01:03'),
(254, 253, 6, '2023-07-04 20:01:03', '2023-07-04 20:01:03'),
(255, 253, 5, '2023-07-04 20:01:03', '2023-07-04 20:01:03'),
(256, 253, 7, '2023-07-04 20:01:03', '2023-07-04 20:01:03'),
(257, 254, 1, '2023-07-05 19:22:51', '2023-07-05 19:22:51'),
(258, 254, 6, '2023-07-05 19:22:51', '2023-07-05 19:22:51'),
(259, 254, 7, '2023-07-05 19:22:51', '2023-07-05 19:22:51'),
(260, 255, 1, '2023-07-05 19:26:43', '2023-07-05 19:26:43'),
(261, 255, 6, '2023-07-05 19:26:43', '2023-07-05 19:26:43'),
(262, 255, 5, '2023-07-05 19:26:43', '2023-07-05 19:26:43'),
(263, 255, 9, '2023-07-05 19:26:43', '2023-07-05 19:26:43'),
(264, 256, 1, '2023-07-05 19:31:15', '2023-07-05 19:31:15'),
(265, 256, 6, '2023-07-05 19:31:15', '2023-07-05 19:31:15'),
(266, 256, 5, '2023-07-05 19:31:15', '2023-07-05 19:31:15'),
(267, 257, 1, '2023-07-08 03:18:37', '2023-07-08 03:18:37'),
(268, 257, 6, '2023-07-08 03:18:37', '2023-07-08 03:18:37'),
(269, 257, 5, '2023-07-08 03:18:37', '2023-07-08 03:18:37'),
(270, 257, 9, '2023-07-08 03:18:37', '2023-07-08 03:18:37'),
(271, 257, 7, '2023-07-08 03:18:37', '2023-07-08 03:18:37'),
(272, 257, 4, '2023-07-08 03:18:37', '2023-07-08 03:18:37'),
(273, 258, 1, '2023-07-08 03:22:22', '2023-07-08 03:22:22'),
(274, 258, 6, '2023-07-08 03:22:22', '2023-07-08 03:22:22'),
(275, 258, 5, '2023-07-08 03:22:22', '2023-07-08 03:22:22'),
(276, 258, 9, '2023-07-08 03:22:22', '2023-07-08 03:22:22'),
(277, 258, 7, '2023-07-08 03:22:22', '2023-07-08 03:22:22'),
(278, 258, 4, '2023-07-08 03:22:22', '2023-07-08 03:22:22'),
(279, 259, 1, '2023-07-08 03:24:58', '2023-07-08 03:24:58'),
(280, 259, 7, '2023-07-08 03:24:58', '2023-07-08 03:24:58'),
(281, 259, 4, '2023-07-08 03:24:58', '2023-07-08 03:24:58'),
(282, 259, 10, '2023-07-08 03:24:58', '2023-07-08 03:24:58'),
(283, 259, 2, '2023-07-08 03:24:58', '2023-07-08 03:24:58'),
(284, 259, 3, '2023-07-08 03:24:58', '2023-07-08 03:24:58'),
(285, 260, 1, '2023-07-08 03:27:00', '2023-07-08 03:27:00'),
(286, 260, 6, '2023-07-08 03:27:00', '2023-07-08 03:27:00'),
(287, 260, 5, '2023-07-08 03:27:00', '2023-07-08 03:27:00'),
(288, 260, 9, '2023-07-08 03:27:00', '2023-07-08 03:27:00'),
(289, 260, 7, '2023-07-08 03:27:00', '2023-07-08 03:27:00'),
(290, 261, 1, '2023-07-08 15:35:11', '2023-07-08 15:35:11'),
(291, 261, 6, '2023-07-08 15:35:11', '2023-07-08 15:35:11'),
(292, 261, 9, '2023-07-08 15:35:11', '2023-07-08 15:35:11'),
(293, 261, 7, '2023-07-08 15:35:11', '2023-07-08 15:35:11'),
(294, 261, 4, '2023-07-08 15:35:11', '2023-07-08 15:35:11'),
(295, 262, 1, '2023-07-08 15:41:03', '2023-07-08 15:41:03'),
(296, 262, 5, '2023-07-08 15:41:03', '2023-07-08 15:41:03'),
(297, 262, 9, '2023-07-08 15:41:03', '2023-07-08 15:41:03'),
(298, 262, 7, '2023-07-08 15:41:03', '2023-07-08 15:41:03'),
(299, 263, 1, '2023-07-11 07:41:59', '2023-07-11 07:41:59'),
(300, 263, 6, '2023-07-11 07:41:59', '2023-07-11 07:41:59'),
(301, 263, 9, '2023-07-11 07:41:59', '2023-07-11 07:41:59'),
(302, 263, 7, '2023-07-11 07:41:59', '2023-07-11 07:41:59'),
(303, 264, 1, '2023-07-13 02:35:24', '2023-07-13 02:35:24'),
(304, 264, 6, '2023-07-13 02:35:24', '2023-07-13 02:35:24'),
(305, 264, 5, '2023-07-13 02:35:24', '2023-07-13 02:35:24'),
(306, 264, 7, '2023-07-13 02:35:24', '2023-07-13 02:35:24'),
(307, 265, 1, '2023-07-13 02:42:17', '2023-07-13 02:42:17'),
(308, 265, 6, '2023-07-13 02:42:17', '2023-07-13 02:42:17'),
(309, 265, 5, '2023-07-13 02:42:17', '2023-07-13 02:42:17'),
(310, 265, 9, '2023-07-13 02:42:17', '2023-07-13 02:42:17'),
(311, 265, 7, '2023-07-13 02:42:17', '2023-07-13 02:42:17'),
(312, 265, 2, '2023-07-13 02:42:17', '2023-07-13 02:42:17'),
(313, 266, 5, '2023-07-19 02:39:29', '2023-07-19 02:39:29'),
(314, 266, 3, '2023-07-19 02:39:29', '2023-07-19 02:39:29'),
(315, 267, 1, '2023-07-20 06:32:54', '2023-07-20 06:32:54'),
(316, 267, 6, '2023-07-20 06:32:54', '2023-07-20 06:32:54'),
(317, 267, 5, '2023-07-20 06:32:54', '2023-07-20 06:32:54'),
(318, 267, 9, '2023-07-20 06:32:54', '2023-07-20 06:32:54'),
(319, 267, 7, '2023-07-20 06:32:54', '2023-07-20 06:32:54'),
(320, 267, 10, '2023-07-20 06:32:54', '2023-07-20 06:32:54'),
(321, 267, 2, '2023-07-20 06:32:54', '2023-07-20 06:32:54'),
(322, 267, 3, '2023-07-20 06:32:54', '2023-07-20 06:32:54'),
(323, 269, 1, '2023-07-24 02:01:59', '2023-07-24 02:01:59'),
(324, 269, 5, '2023-07-24 02:01:59', '2023-07-24 02:01:59'),
(325, 269, 4, '2023-07-24 02:01:59', '2023-07-24 02:01:59'),
(326, 270, 1, '2023-07-29 12:54:14', '2023-07-29 12:54:14'),
(327, 270, 6, '2023-07-29 12:54:14', '2023-07-29 12:54:14'),
(328, 270, 7, '2023-07-29 12:54:14', '2023-07-29 12:54:14'),
(329, 270, 4, '2023-07-29 12:54:14', '2023-07-29 12:54:14'),
(330, 271, 5, '2023-07-29 13:06:45', '2023-07-29 13:06:45'),
(331, 271, 4, '2023-07-29 13:06:45', '2023-07-29 13:06:45'),
(332, 272, 1, '2023-08-02 09:41:45', '2023-08-02 09:41:45'),
(333, 272, 9, '2023-08-02 09:41:45', '2023-08-02 09:41:45'),
(334, 272, 7, '2023-08-02 09:41:45', '2023-08-02 09:41:45'),
(335, 272, 4, '2023-08-02 09:41:45', '2023-08-02 09:41:45'),
(336, 273, 1, '2023-08-12 09:30:29', '2023-08-12 09:30:29'),
(337, 273, 9, '2023-08-12 09:30:29', '2023-08-12 09:30:29'),
(338, 273, 3, '2023-08-12 09:30:29', '2023-08-12 09:30:29'),
(339, 274, 1, '2023-08-14 07:30:00', '2023-08-14 07:30:00'),
(340, 274, 5, '2023-08-14 07:30:00', '2023-08-14 07:30:00'),
(341, 275, 1, '2023-09-02 19:37:53', '2023-09-02 19:37:53'),
(342, 275, 5, '2023-09-02 19:37:53', '2023-09-02 19:37:53'),
(343, 275, 7, '2023-09-02 19:37:53', '2023-09-02 19:37:53'),
(344, 276, 1, '2023-09-09 12:14:34', '2023-09-09 12:14:34'),
(345, 276, 6, '2023-09-09 12:14:34', '2023-09-09 12:14:34'),
(346, 276, 4, '2023-09-09 12:14:34', '2023-09-09 12:14:34'),
(347, 277, 1, '2023-09-12 02:30:10', '2023-09-12 02:30:10'),
(348, 277, 6, '2023-09-12 02:30:10', '2023-09-12 02:30:10'),
(349, 278, 1, '2023-09-18 05:25:41', '2023-09-18 05:25:41'),
(350, 278, 5, '2023-09-18 05:25:41', '2023-09-18 05:25:41'),
(351, 278, 7, '2023-09-18 05:25:41', '2023-09-18 05:25:41'),
(352, 279, 1, '2023-09-23 07:50:24', '2023-09-23 07:50:24'),
(353, 279, 9, '2023-09-23 07:50:24', '2023-09-23 07:50:24'),
(354, 279, 7, '2023-09-23 07:50:24', '2023-09-23 07:50:24'),
(355, 280, 1, '2023-10-18 05:58:46', '2023-10-18 05:58:46'),
(356, 280, 6, '2023-10-18 05:58:46', '2023-10-18 05:58:46'),
(358, 282, 5, '2023-11-30 06:04:40', '2023-11-30 06:04:40'),
(359, 283, 5, '2023-11-30 06:17:36', '2023-11-30 06:17:36'),
(363, 284, 5, '2023-11-30 06:52:38', '2023-11-30 06:52:38'),
(364, 281, 3, '2023-11-30 06:56:58', '2023-11-30 06:56:58'),
(365, 285, 1, '2023-12-23 06:40:01', '2023-12-23 06:40:01'),
(366, 285, 6, '2023-12-23 06:40:01', '2023-12-23 06:40:01'),
(367, 285, 5, '2023-12-23 06:40:01', '2023-12-23 06:40:01'),
(368, 285, 7, '2023-12-23 06:40:01', '2023-12-23 06:40:01'),
(369, 286, 4, '2023-12-23 06:43:25', '2023-12-23 06:43:25'),
(370, 287, 1, '2023-12-29 04:42:12', '2023-12-29 04:42:12'),
(371, 288, 1, '2023-12-29 04:52:25', '2023-12-29 04:52:25'),
(372, 288, 6, '2023-12-29 04:52:25', '2023-12-29 04:52:25'),
(373, 288, 9, '2023-12-29 04:52:25', '2023-12-29 04:52:25'),
(374, 289, 5, '2023-12-29 04:58:07', '2023-12-29 04:58:07'),
(375, 290, 1, '2023-12-29 05:03:50', '2023-12-29 05:03:50'),
(376, 290, 5, '2023-12-29 05:03:50', '2023-12-29 05:03:50'),
(377, 291, 5, '2024-01-03 02:33:48', '2024-01-03 02:33:48'),
(378, 291, 4, '2024-01-03 02:33:48', '2024-01-03 02:33:48'),
(379, 292, 5, '2024-01-03 02:39:17', '2024-01-03 02:39:17'),
(380, 292, 4, '2024-01-03 02:39:17', '2024-01-03 02:39:17'),
(381, 293, 6, '2024-01-03 02:45:02', '2024-01-03 02:45:02'),
(382, 293, 5, '2024-01-03 02:45:02', '2024-01-03 02:45:02'),
(383, 293, 9, '2024-01-03 02:45:02', '2024-01-03 02:45:02'),
(384, 294, 1, '2024-01-04 20:33:02', '2024-01-04 20:33:02'),
(385, 294, 5, '2024-01-04 20:33:02', '2024-01-04 20:33:02'),
(386, 295, 5, '2024-01-04 20:38:06', '2024-01-04 20:38:06'),
(387, 295, 4, '2024-01-04 20:38:06', '2024-01-04 20:38:06'),
(388, 296, 1, '2024-01-18 22:51:11', '2024-01-18 22:51:11'),
(389, 296, 5, '2024-01-18 22:51:11', '2024-01-18 22:51:11'),
(390, 296, 9, '2024-01-18 22:51:11', '2024-01-18 22:51:11'),
(391, 296, 4, '2024-01-18 22:51:11', '2024-01-18 22:51:11'),
(394, 297, 5, '2024-01-18 23:13:49', '2024-01-18 23:13:49'),
(395, 297, 7, '2024-01-18 23:13:49', '2024-01-18 23:13:49'),
(396, 298, 5, '2024-01-21 11:15:12', '2024-01-21 11:15:12'),
(397, 299, 1, '2024-01-21 23:33:20', '2024-01-21 23:33:20'),
(398, 299, 5, '2024-01-21 23:33:20', '2024-01-21 23:33:20'),
(399, 299, 7, '2024-01-21 23:33:20', '2024-01-21 23:33:20'),
(400, 300, 10, '2024-01-21 23:36:13', '2024-01-21 23:36:13'),
(401, 301, 5, '2024-01-23 22:22:19', '2024-01-23 22:22:19'),
(402, 301, 4, '2024-01-23 22:22:19', '2024-01-23 22:22:19'),
(403, 302, 5, '2024-01-23 22:34:56', '2024-01-23 22:34:56'),
(404, 303, 5, '2024-01-25 01:18:53', '2024-01-25 01:18:53'),
(405, 304, 1, '2024-01-25 01:21:38', '2024-01-25 01:21:38'),
(406, 304, 6, '2024-01-25 01:21:38', '2024-01-25 01:21:38'),
(407, 304, 5, '2024-01-25 01:21:38', '2024-01-25 01:21:38'),
(408, 304, 9, '2024-01-25 01:21:38', '2024-01-25 01:21:38'),
(409, 304, 7, '2024-01-25 01:21:38', '2024-01-25 01:21:38'),
(410, 305, 3, '2024-01-31 21:35:40', '2024-01-31 21:35:40'),
(411, 306, 5, '2024-02-05 02:38:00', '2024-02-05 02:38:00'),
(412, 306, 4, '2024-02-05 02:38:00', '2024-02-05 02:38:00'),
(413, 307, 5, '2024-02-16 21:28:28', '2024-02-16 21:28:28'),
(414, 308, 5, '2024-02-16 21:33:29', '2024-02-16 21:33:29'),
(415, 308, 4, '2024-02-16 21:33:29', '2024-02-16 21:33:29'),
(426, 309, 1, '2024-03-16 22:36:19', '2024-03-16 22:36:19'),
(427, 309, 9, '2024-03-16 22:36:19', '2024-03-16 22:36:19'),
(428, 310, 1, '2024-03-17 07:02:01', '2024-03-17 07:02:01'),
(429, 310, 6, '2024-03-17 07:02:01', '2024-03-17 07:02:01'),
(430, 310, 5, '2024-03-17 07:02:01', '2024-03-17 07:02:01'),
(431, 310, 9, '2024-03-17 07:02:01', '2024-03-17 07:02:01'),
(432, 311, 1, '2024-03-17 07:03:59', '2024-03-17 07:03:59'),
(433, 311, 6, '2024-03-17 07:03:59', '2024-03-17 07:03:59'),
(434, 311, 7, '2024-03-17 07:03:59', '2024-03-17 07:03:59'),
(435, 312, 3, '2024-03-17 11:36:38', '2024-03-17 11:36:38'),
(436, 313, 5, '2024-03-17 11:51:17', '2024-03-17 11:51:17'),
(437, 314, 7, '2024-03-20 21:41:58', '2024-03-20 21:41:58'),
(438, 315, 5, '2024-03-20 21:46:48', '2024-03-20 21:46:48'),
(439, 316, 3, '2024-03-23 14:30:22', '2024-03-23 14:30:22'),
(440, 317, 3, '2024-03-24 06:57:23', '2024-03-24 06:57:23'),
(441, 334, 2, '2024-04-25 05:00:08', '2024-04-25 05:00:08'),
(442, 334, 4, '2024-04-25 05:00:08', '2024-04-25 05:00:08'),
(443, 335, 2, '2024-04-25 05:00:12', '2024-04-25 05:00:12'),
(444, 335, 4, '2024-04-25 05:00:12', '2024-04-25 05:00:12'),
(445, 336, 2, '2024-04-25 05:01:04', '2024-04-25 05:01:04'),
(446, 336, 4, '2024-04-25 05:01:04', '2024-04-25 05:01:04'),
(447, 337, 2, '2024-04-25 05:01:06', '2024-04-25 05:01:06'),
(448, 337, 4, '2024-04-25 05:01:06', '2024-04-25 05:01:06'),
(449, 338, 2, '2024-04-25 05:04:46', '2024-04-25 05:04:46'),
(450, 338, 4, '2024-04-25 05:04:46', '2024-04-25 05:04:46'),
(451, 339, 2, '2024-04-25 05:06:58', '2024-04-25 05:06:58'),
(452, 339, 4, '2024-04-25 05:06:58', '2024-04-25 05:06:58'),
(453, 340, 2, '2024-04-25 05:07:24', '2024-04-25 05:07:24'),
(454, 340, 4, '2024-04-25 05:07:24', '2024-04-25 05:07:24'),
(455, 341, 2, '2024-04-25 05:07:59', '2024-04-25 05:07:59'),
(456, 341, 4, '2024-04-25 05:07:59', '2024-04-25 05:07:59'),
(457, 342, 2, '2024-04-25 05:11:33', '2024-04-25 05:11:33'),
(458, 342, 4, '2024-04-25 05:11:33', '2024-04-25 05:11:33'),
(459, 343, 2, '2024-04-25 05:11:39', '2024-04-25 05:11:39'),
(460, 343, 4, '2024-04-25 05:11:39', '2024-04-25 05:11:39'),
(461, 344, 2, '2024-04-25 05:13:20', '2024-04-25 05:13:20'),
(462, 344, 4, '2024-04-25 05:13:20', '2024-04-25 05:13:20'),
(463, 345, 2, '2024-04-25 05:13:39', '2024-04-25 05:13:39'),
(464, 345, 4, '2024-04-25 05:13:39', '2024-04-25 05:13:39'),
(465, 346, 2, '2024-04-25 05:14:40', '2024-04-25 05:14:40'),
(466, 346, 4, '2024-04-25 05:14:40', '2024-04-25 05:14:40'),
(467, 347, 2, '2024-04-25 05:35:06', '2024-04-25 05:35:06'),
(468, 347, 4, '2024-04-25 05:35:06', '2024-04-25 05:35:06'),
(469, 348, 2, '2024-04-25 05:35:36', '2024-04-25 05:35:36'),
(470, 348, 4, '2024-04-25 05:35:36', '2024-04-25 05:35:36'),
(471, 349, 2, '2024-04-25 07:57:16', '2024-04-25 07:57:16'),
(472, 349, 4, '2024-04-25 07:57:16', '2024-04-25 07:57:16'),
(473, 350, 2, '2024-04-25 07:58:47', '2024-04-25 07:58:47'),
(474, 350, 4, '2024-04-25 07:58:47', '2024-04-25 07:58:47'),
(475, 351, 2, '2024-04-25 07:58:58', '2024-04-25 07:58:58'),
(476, 351, 4, '2024-04-25 07:58:58', '2024-04-25 07:58:58'),
(477, 392, 1, '2024-04-25 10:33:48', '2024-04-25 10:33:48'),
(478, 393, 1, '2024-04-25 10:35:56', '2024-04-25 10:35:56'),
(479, 393, 5, '2024-04-25 10:35:56', '2024-04-25 10:35:56'),
(480, 394, 1, '2024-04-25 22:09:42', '2024-04-25 22:09:42'),
(481, 394, 2, '2024-04-25 22:09:42', '2024-04-25 22:09:42'),
(482, 395, 1, '2024-04-25 22:33:21', '2024-04-25 22:33:21'),
(483, 395, 2, '2024-04-25 22:33:21', '2024-04-25 22:33:21'),
(484, 395, 3, '2024-04-25 22:33:21', '2024-04-25 22:33:21'),
(485, 396, 1, '2024-04-25 22:39:36', '2024-04-25 22:39:36'),
(486, 396, 2, '2024-04-25 22:39:36', '2024-04-25 22:39:36'),
(487, 396, 3, '2024-04-25 22:39:36', '2024-04-25 22:39:36'),
(488, 397, 2, '2024-04-25 22:43:07', '2024-04-25 22:43:07'),
(489, 398, 1, '2024-04-25 22:50:32', '2024-04-25 22:50:32'),
(490, 399, 2, '2024-04-25 22:55:46', '2024-04-25 22:55:46'),
(491, 399, 3, '2024-04-25 22:55:46', '2024-04-25 22:55:46'),
(492, 399, 1, '2024-04-25 22:55:46', '2024-04-25 22:55:46'),
(493, 400, 1, '2024-04-25 23:07:44', '2024-04-25 23:07:44'),
(494, 400, 2, '2024-04-25 23:07:44', '2024-04-25 23:07:44'),
(495, 400, 3, '2024-04-25 23:07:44', '2024-04-25 23:07:44'),
(496, 401, 2, '2024-04-25 23:10:14', '2024-04-25 23:10:14'),
(497, 401, 1, '2024-04-25 23:10:14', '2024-04-25 23:10:14'),
(498, 402, 1, '2024-04-25 23:18:11', '2024-04-25 23:18:11'),
(499, 403, 1, '2024-04-25 23:21:10', '2024-04-25 23:21:10'),
(500, 404, 2, '2024-04-25 23:25:09', '2024-04-25 23:25:09'),
(501, 404, 1, '2024-04-25 23:25:09', '2024-04-25 23:25:09'),
(502, 405, 1, '2024-04-25 23:27:27', '2024-04-25 23:27:27'),
(503, 406, 1, '2024-04-25 23:34:37', '2024-04-25 23:34:37'),
(504, 406, 2, '2024-04-25 23:34:37', '2024-04-25 23:34:37'),
(505, 407, 1, '2024-04-25 23:37:48', '2024-04-25 23:37:48'),
(506, 407, 2, '2024-04-25 23:37:48', '2024-04-25 23:37:48'),
(507, 407, 3, '2024-04-25 23:37:48', '2024-04-25 23:37:48'),
(508, 408, 1, '2024-04-25 23:38:56', '2024-04-25 23:38:56'),
(509, 408, 2, '2024-04-25 23:38:56', '2024-04-25 23:38:56'),
(510, 409, 2, '2024-04-25 23:44:35', '2024-04-25 23:44:35'),
(511, 409, 3, '2024-04-25 23:44:35', '2024-04-25 23:44:35'),
(512, 409, 1, '2024-04-25 23:44:35', '2024-04-25 23:44:35'),
(513, 410, 1, '2024-04-25 23:46:19', '2024-04-25 23:46:19'),
(514, 410, 2, '2024-04-25 23:46:19', '2024-04-25 23:46:19'),
(515, 411, 1, '2024-04-25 23:47:39', '2024-04-25 23:47:39'),
(516, 411, 2, '2024-04-25 23:47:39', '2024-04-25 23:47:39'),
(517, 412, 1, '2024-04-25 23:50:52', '2024-04-25 23:50:52'),
(518, 412, 2, '2024-04-25 23:50:52', '2024-04-25 23:50:52'),
(519, 412, 3, '2024-04-25 23:50:52', '2024-04-25 23:50:52'),
(520, 413, 1, '2024-04-25 23:52:18', '2024-04-25 23:52:18'),
(521, 413, 2, '2024-04-25 23:52:18', '2024-04-25 23:52:18'),
(522, 414, 1, '2024-04-26 00:02:12', '2024-04-26 00:02:12'),
(523, 415, 1, '2024-04-26 00:08:31', '2024-04-26 00:08:31'),
(524, 415, 2, '2024-04-26 00:08:31', '2024-04-26 00:08:31'),
(525, 415, 3, '2024-04-26 00:08:31', '2024-04-26 00:08:31'),
(526, 416, 1, '2024-04-26 00:10:00', '2024-04-26 00:10:00'),
(527, 416, 2, '2024-04-26 00:10:00', '2024-04-26 00:10:00'),
(528, 416, 3, '2024-04-26 00:10:00', '2024-04-26 00:10:00'),
(529, 417, 2, '2024-04-26 00:13:54', '2024-04-26 00:13:54'),
(530, 417, 1, '2024-04-26 00:13:54', '2024-04-26 00:13:54'),
(531, 418, 2, '2024-04-26 00:16:44', '2024-04-26 00:16:44'),
(532, 418, 1, '2024-04-26 00:16:44', '2024-04-26 00:16:44'),
(533, 419, 1, '2024-04-26 00:19:15', '2024-04-26 00:19:15'),
(534, 419, 2, '2024-04-26 00:19:15', '2024-04-26 00:19:15'),
(535, 420, 1, '2024-04-26 00:21:56', '2024-04-26 00:21:56'),
(536, 421, 1, '2024-04-26 00:23:02', '2024-04-26 00:23:02'),
(537, 422, 1, '2024-04-26 00:28:20', '2024-04-26 00:28:20'),
(538, 422, 2, '2024-04-26 00:28:20', '2024-04-26 00:28:20'),
(539, 423, 1, '2024-04-26 00:29:00', '2024-04-26 00:29:00'),
(540, 423, 2, '2024-04-26 00:29:00', '2024-04-26 00:29:00'),
(541, 424, 1, '2024-04-26 00:30:31', '2024-04-26 00:30:31'),
(542, 424, 2, '2024-04-26 00:30:31', '2024-04-26 00:30:31'),
(543, 425, 1, '2024-04-26 00:32:00', '2024-04-26 00:32:00'),
(544, 425, 2, '2024-04-26 00:32:00', '2024-04-26 00:32:00'),
(545, 426, 1, '2024-04-26 00:38:17', '2024-04-26 00:38:17'),
(546, 426, 2, '2024-04-26 00:38:17', '2024-04-26 00:38:17'),
(547, 427, 1, '2024-04-26 00:39:56', '2024-04-26 00:39:56'),
(548, 427, 2, '2024-04-26 00:39:56', '2024-04-26 00:39:56'),
(549, 428, 1, '2024-04-26 05:02:37', '2024-04-26 05:02:37'),
(550, 428, 2, '2024-04-26 05:02:37', '2024-04-26 05:02:37'),
(551, 429, 1, '2024-04-26 05:05:01', '2024-04-26 05:05:01'),
(552, 429, 2, '2024-04-26 05:05:01', '2024-04-26 05:05:01'),
(553, 430, 1, '2024-04-26 05:05:02', '2024-04-26 05:05:02'),
(554, 430, 2, '2024-04-26 05:05:02', '2024-04-26 05:05:02'),
(555, 431, 1, '2024-04-26 05:23:49', '2024-04-26 05:23:49'),
(556, 431, 2, '2024-04-26 05:23:49', '2024-04-26 05:23:49'),
(557, 432, 1, '2024-04-26 05:25:19', '2024-04-26 05:25:19'),
(558, 432, 3, '2024-04-26 05:25:19', '2024-04-26 05:25:19'),
(559, 433, 1, '2025-03-25 17:55:17', '2025-03-25 17:55:17'),
(560, 433, 6, '2025-03-25 17:55:17', '2025-03-25 17:55:17'),
(561, 434, 7, '2025-03-29 16:57:34', '2025-03-29 16:57:34'),
(562, 434, 4, '2025-03-29 16:57:34', '2025-03-29 16:57:34'),
(563, 434, 2, '2025-03-29 16:57:34', '2025-03-29 16:57:34'),
(564, 435, 6, '2025-03-30 06:05:40', '2025-03-30 06:05:40'),
(565, 435, 9, '2025-03-30 06:05:40', '2025-03-30 06:05:40'),
(566, 435, 7, '2025-03-30 06:05:40', '2025-03-30 06:05:40'),
(567, 436, 6, '2025-03-30 06:09:12', '2025-03-30 06:09:12'),
(568, 436, 9, '2025-03-30 06:09:12', '2025-03-30 06:09:12'),
(569, 436, 7, '2025-03-30 06:09:12', '2025-03-30 06:09:12'),
(570, 437, 6, '2025-03-30 06:12:00', '2025-03-30 06:12:00'),
(571, 437, 9, '2025-03-30 06:12:00', '2025-03-30 06:12:00'),
(572, 437, 7, '2025-03-30 06:12:00', '2025-03-30 06:12:00'),
(573, 443, 6, '2025-03-30 06:32:56', '2025-03-30 06:32:56'),
(574, 443, 9, '2025-03-30 06:32:56', '2025-03-30 06:32:56'),
(575, 443, 7, '2025-03-30 06:32:56', '2025-03-30 06:32:56'),
(576, 448, 6, '2025-03-30 06:34:54', '2025-03-30 06:34:54'),
(577, 448, 9, '2025-03-30 06:34:54', '2025-03-30 06:34:54'),
(578, 448, 7, '2025-03-30 06:34:54', '2025-03-30 06:34:54'),
(579, 449, 6, '2025-03-30 06:35:36', '2025-03-30 06:35:36'),
(580, 449, 9, '2025-03-30 06:35:36', '2025-03-30 06:35:36'),
(581, 449, 7, '2025-03-30 06:35:36', '2025-03-30 06:35:36'),
(582, 450, 6, '2025-03-30 06:36:06', '2025-03-30 06:36:06'),
(583, 450, 9, '2025-03-30 06:36:06', '2025-03-30 06:36:06'),
(584, 450, 7, '2025-03-30 06:36:06', '2025-03-30 06:36:06'),
(585, 454, 6, '2025-03-30 06:42:38', '2025-03-30 06:42:38'),
(586, 454, 9, '2025-03-30 06:42:38', '2025-03-30 06:42:38'),
(587, 454, 7, '2025-03-30 06:42:38', '2025-03-30 06:42:38'),
(588, 455, 6, '2025-03-30 06:42:52', '2025-03-30 06:42:52'),
(589, 455, 9, '2025-03-30 06:42:52', '2025-03-30 06:42:52'),
(590, 455, 7, '2025-03-30 06:42:52', '2025-03-30 06:42:52'),
(591, 456, 6, '2025-03-30 06:44:34', '2025-03-30 06:44:34'),
(592, 456, 9, '2025-03-30 06:44:34', '2025-03-30 06:44:34'),
(593, 456, 7, '2025-03-30 06:44:34', '2025-03-30 06:44:34'),
(594, 457, 6, '2025-03-30 06:48:51', '2025-03-30 06:48:51'),
(595, 457, 9, '2025-03-30 06:48:51', '2025-03-30 06:48:51'),
(596, 458, 6, '2025-03-30 06:49:02', '2025-03-30 06:49:02'),
(597, 458, 9, '2025-03-30 06:49:02', '2025-03-30 06:49:02'),
(598, 459, 6, '2025-03-30 06:50:16', '2025-03-30 06:50:16'),
(599, 459, 9, '2025-03-30 06:50:16', '2025-03-30 06:50:16'),
(600, 460, 6, '2025-03-30 07:02:28', '2025-03-30 07:02:28'),
(601, 465, 6, '2025-03-30 07:08:18', '2025-03-30 07:08:18'),
(609, 467, 6, '2025-03-30 08:54:45', '2025-03-30 08:54:45'),
(610, 466, 6, '2025-03-30 08:58:12', '2025-03-30 08:58:12'),
(651, 468, 6, '2025-03-30 09:29:36', '2025-03-30 09:29:36'),
(652, 468, 7, '2025-03-30 09:29:36', '2025-03-30 09:29:36'),
(661, 469, 7, '2025-03-30 14:49:27', '2025-03-30 14:49:27'),
(662, 470, 6, '2025-03-30 16:04:55', '2025-03-30 16:04:55'),
(663, 471, 6, '2025-03-30 16:04:57', '2025-03-30 16:04:57'),
(664, 472, 6, '2025-03-30 16:05:02', '2025-03-30 16:05:02'),
(665, 473, 6, '2025-03-30 16:05:08', '2025-03-30 16:05:08'),
(666, 474, 6, '2025-03-30 16:05:09', '2025-03-30 16:05:09'),
(667, 475, 6, '2025-03-30 16:05:10', '2025-03-30 16:05:10'),
(668, 476, 6, '2025-03-30 16:05:16', '2025-03-30 16:05:16'),
(669, 477, 6, '2025-03-30 16:14:10', '2025-03-30 16:14:10'),
(670, 478, 6, '2025-03-30 16:14:14', '2025-03-30 16:14:14'),
(676, 479, 1, '2025-03-30 16:41:06', '2025-03-30 16:41:06'),
(677, 479, 7, '2025-03-30 16:41:06', '2025-03-30 16:41:06'),
(678, 479, 4, '2025-03-30 16:41:06', '2025-03-30 16:41:06'),
(679, 480, 1, '2025-03-30 20:08:56', '2025-03-30 20:08:56'),
(680, 480, 2, '2025-03-30 20:08:56', '2025-03-30 20:08:56'),
(681, 481, 6, '2025-03-30 20:11:58', '2025-03-30 20:11:58'),
(682, 482, 5, '2025-03-30 20:15:30', '2025-03-30 20:15:30'),
(683, 482, 4, '2025-03-30 20:15:30', '2025-03-30 20:15:30'),
(684, 483, 6, '2025-04-06 10:40:26', '2025-04-06 10:40:26'),
(685, 483, 5, '2025-04-06 10:40:26', '2025-04-06 10:40:26'),
(686, 484, 1, '2025-04-06 22:25:32', '2025-04-06 22:25:32'),
(687, 484, 6, '2025-04-06 22:25:32', '2025-04-06 22:25:32'),
(688, 484, 5, '2025-04-06 22:25:32', '2025-04-06 22:25:32');

-- --------------------------------------------------------

--
-- Table structure for table `property_prices`
--

CREATE TABLE `property_prices` (
  `id` int(11) NOT NULL,
  `name` varchar(100) NOT NULL,
  `create_at` timestamp NOT NULL DEFAULT current_timestamp(),
  `updated_at` timestamp NOT NULL DEFAULT current_timestamp()
) ENGINE=InnoDB DEFAULT CHARSET=utf8mb4 COLLATE=utf8mb4_general_ci;

-- --------------------------------------------------------

--
-- Table structure for table `property_purposes`
--

CREATE TABLE `property_purposes` (
  `id` int(11) NOT NULL,
  `name` varchar(100) NOT NULL,
  `slug` varchar(100) NOT NULL,
  `created_at` timestamp NOT NULL DEFAULT current_timestamp(),
  `updator_id` timestamp NOT NULL DEFAULT current_timestamp()
) ENGINE=InnoDB DEFAULT CHARSET=utf8mb4 COLLATE=utf8mb4_general_ci;

--
-- Dumping data for table `property_purposes`
--

INSERT INTO `property_purposes` (`id`, `name`, `slug`, `created_at`, `updator_id`) VALUES
(1, 'Rent', 'Rent', '2023-02-12 22:36:44', '2023-02-12 22:36:44'),
(2, 'Sale', 'Sale', '2023-02-12 22:36:44', '2023-02-12 22:36:44');

-- --------------------------------------------------------

--
-- Table structure for table `property_terms`
--

CREATE TABLE `property_terms` (
  `id` int(11) NOT NULL,
  `term_id` int(11) NOT NULL,
  `property_id` int(11) NOT NULL,
  `creator_id` int(11) DEFAULT NULL,
  `updator_id` int(11) DEFAULT NULL,
  `created_at` timestamp NOT NULL DEFAULT current_timestamp(),
  `updated_at` timestamp NOT NULL DEFAULT current_timestamp()
) ENGINE=InnoDB DEFAULT CHARSET=utf8mb4 COLLATE=utf8mb4_general_ci;

--
-- Dumping data for table `property_terms`
--

INSERT INTO `property_terms` (`id`, `term_id`, `property_id`, `creator_id`, `updator_id`, `created_at`, `updated_at`) VALUES
(251, 2, 466, NULL, NULL, '2025-03-30 07:10:06', '2025-03-30 07:10:06'),
(252, 2, 467, NULL, NULL, '2025-03-30 07:11:25', '2025-03-30 07:11:25'),
(253, 2, 468, NULL, NULL, '2025-03-30 08:59:59', '2025-03-30 08:59:59'),
(254, 3, 469, NULL, NULL, '2025-03-30 14:49:27', '2025-03-30 14:49:27'),
(255, 3, 470, NULL, NULL, '2025-03-30 16:04:55', '2025-03-30 16:04:55'),
(256, 3, 471, NULL, NULL, '2025-03-30 16:04:57', '2025-03-30 16:04:57'),
(257, 3, 472, NULL, NULL, '2025-03-30 16:05:02', '2025-03-30 16:05:02'),
(258, 3, 473, NULL, NULL, '2025-03-30 16:05:08', '2025-03-30 16:05:08'),
(259, 3, 474, NULL, NULL, '2025-03-30 16:05:09', '2025-03-30 16:05:09'),
(260, 3, 475, NULL, NULL, '2025-03-30 16:05:10', '2025-03-30 16:05:10'),
(261, 3, 476, NULL, NULL, '2025-03-30 16:05:16', '2025-03-30 16:05:16'),
(262, 2, 477, NULL, NULL, '2025-03-30 16:14:10', '2025-03-30 16:14:10'),
(263, 2, 478, NULL, NULL, '2025-03-30 16:14:14', '2025-03-30 16:14:14'),
(264, 3, 479, NULL, NULL, '2025-03-30 16:17:51', '2025-03-30 16:17:51'),
(265, 2, 480, NULL, NULL, '2025-03-30 20:08:56', '2025-03-30 20:08:56'),
(266, 2, 481, NULL, NULL, '2025-03-30 20:11:58', '2025-03-30 20:11:58'),
(267, 2, 482, NULL, NULL, '2025-03-30 20:15:30', '2025-03-30 20:15:30'),
(268, 2, 483, NULL, NULL, '2025-04-06 10:40:26', '2025-04-06 10:40:26'),
(269, 1, 484, NULL, NULL, '2025-04-06 22:25:32', '2025-04-06 22:25:32');

-- --------------------------------------------------------

--
-- Table structure for table `property_titles`
--

CREATE TABLE `property_titles` (
  `id` int(11) NOT NULL,
  `name` varchar(100) NOT NULL,
  `created_at` timestamp NOT NULL DEFAULT current_timestamp(),
  `updated_at` timestamp NOT NULL DEFAULT current_timestamp()
) ENGINE=InnoDB DEFAULT CHARSET=utf8mb4 COLLATE=utf8mb4_general_ci;

--
-- Dumping data for table `property_titles`
--

INSERT INTO `property_titles` (`id`, `name`, `created_at`, `updated_at`) VALUES
(1, 'Single Room', '2023-02-17 23:43:31', '2023-02-17 23:43:31'),
(2, 'Apartment', '2023-02-17 23:44:03', '2023-02-17 23:44:03'),
(3, 'Office', '2023-02-17 23:44:14', '2023-02-17 23:44:14'),
(4, 'Shamba La Kulima', '2023-07-02 11:25:03', '2023-07-02 11:25:03'),
(5, 'Shamba La Kufuga Na Kulima', '2023-07-04 19:18:50', '2023-07-04 19:18:50'),
(6, 'Godown', '2023-07-04 20:01:03', '2023-07-04 20:01:03'),
(7, 'Plot', '2023-07-08 03:18:37', '2023-07-08 03:18:37'),
(8, 'Gorofa Moja', '2023-07-13 02:35:24', '2023-07-13 02:35:24'),
(9, 'Kiwanja Madale Mikoroshini', '2023-07-19 02:39:29', '2023-07-19 02:39:29'),
(10, 'House', '2023-07-20 07:55:20', '2023-07-20 07:55:20'),
(11, 'PSSSF Posta Shared Apartment', '2023-07-21 03:20:42', '2023-07-21 03:20:42'),
(12, 'Nyumba Inapangishwa Mwenge', '2023-07-24 02:01:59', '2023-07-24 02:01:59'),
(13, 'Single Room Master', '2023-07-29 12:54:14', '2023-07-29 12:54:14'),
(14, 'Gorofa Kunduchi', '2023-07-29 13:06:45', '2023-07-29 13:06:45'),
(15, 'Self House', '2023-08-12 09:30:29', '2023-08-12 09:30:29'),
(16, 'Double Room', '2023-09-02 19:37:53', '2023-09-02 19:37:53'),
(17, 'Kigamboni Beach House For Sale', '2023-09-09 12:14:34', '2023-09-09 12:14:34'),
(18, 'Kiwanja Kinauzwa Ilazo', '2023-09-18 05:25:41', '2023-09-18 05:25:41'),
(19, 'Plot For Sell Kigamboni', '2023-09-23 07:50:24', '2023-09-23 07:50:24'),
(20, 'House For Sale Sala Sala', '2023-10-18 05:58:46', '2023-10-18 05:58:46'),
(21, 'Nyumba Inapangishwa Mbweni', '2023-11-16 05:56:13', '2023-11-16 05:56:13');

-- --------------------------------------------------------

--
-- Table structure for table `property_types`
--

CREATE TABLE `property_types` (
  `id` int(11) NOT NULL,
  `sub_category_id` int(11) NOT NULL,
  `name` varchar(100) NOT NULL,
  `create_at` timestamp NOT NULL DEFAULT current_timestamp(),
  `updated_at` timestamp NOT NULL DEFAULT current_timestamp(),
  `slug` varchar(100) DEFAULT NULL
) ENGINE=InnoDB DEFAULT CHARSET=utf8mb4 COLLATE=utf8mb4_general_ci;

--
-- Dumping data for table `property_types`
--

INSERT INTO `property_types` (`id`, `sub_category_id`, `name`, `create_at`, `updated_at`, `slug`) VALUES
(9, 1, 'Farm House', '2023-04-30 11:44:24', '2023-04-30 11:44:24', NULL),
(10, 1, 'Duplex', '2023-04-30 11:44:24', '2023-04-30 11:44:24', NULL),
(11, 1, 'Mini Flat', '2023-04-30 11:44:59', '2023-04-30 11:44:59', NULL),
(12, 1, 'House', '2023-04-30 11:44:59', '2023-04-30 11:44:59', NULL),
(13, 3, 'Mixed Use Land', '2023-04-30 22:14:58', '2023-04-30 22:14:58', NULL),
(14, 3, 'Farmland', '2023-04-30 22:14:58', '2023-04-30 22:14:58', NULL),
(15, 3, 'Residential Land', '2023-04-30 22:16:04', '2023-04-30 22:16:04', NULL),
(16, 3, 'Commercial  Land', '2023-04-30 22:16:04', '2023-04-30 22:16:04', NULL),
(17, 3, 'Quarry', '2023-04-30 22:16:53', '2023-04-30 22:16:53', NULL),
(18, 3, 'Industrial Land', '2023-04-30 22:16:53', '2023-04-30 22:16:53', NULL),
(19, 2, 'Warehouse', '2023-07-04 19:59:31', '2023-07-04 19:59:31', 'Godown'),
(20, 13, 'House', '2023-12-16 00:51:49', '2023-12-16 00:51:49', 'house'),
(21, 13, 'Apartment', '2023-12-16 00:51:49', '2023-12-16 00:51:49', 'apartment'),
(22, 13, 'Villa', '2023-12-26 12:38:29', '2023-12-26 12:38:29', 'villa'),
(23, 13, 'Bungalow', '2023-12-26 12:38:29', '2023-12-26 12:38:29', 'bungalow'),
(24, 13, 'Studio Apartment', '2023-12-26 12:42:07', '2023-12-26 12:42:07', 'studio-apartment'),
(25, 13, 'Duplex', '2023-12-26 12:42:07', '2023-12-26 12:42:07', 'duplex'),
(26, 13, 'Min Flat', '2023-12-26 12:42:28', '2023-12-26 12:42:28', 'min-flat'),
(27, 12, 'Office Space', '2023-12-26 12:54:15', '2023-12-26 12:54:15', 'office-space'),
(28, 12, 'Restaurant', '2023-12-26 12:54:15', '2023-12-26 12:54:15', 'restaurant'),
(29, 12, 'Shop', '2023-12-26 12:54:51', '2023-12-26 12:54:51', 'shop'),
(30, 12, 'Salon', '2023-12-26 12:54:51', '2023-12-26 12:54:51', 'salon'),
(31, 12, 'Complex', '2023-12-26 12:55:22', '2023-12-26 12:55:22', 'complex'),
(32, 12, 'Warehouse', '2023-12-26 12:57:48', '2023-12-26 12:57:48', 'warehouse'),
(33, 2, 'Salon', '2023-12-26 13:04:37', '2023-12-26 13:04:37', 'saloon'),
(34, 2, 'Restaurant', '2023-12-26 13:04:37', '2023-12-26 13:04:37', 'restaurant'),
(35, 2, 'Shop', '2023-12-26 13:06:40', '2023-12-26 13:06:40', 'shop'),
(36, 2, 'Office Space', '2023-12-26 13:06:40', '2023-12-26 13:06:40', 'office-space'),
(37, 2, 'Complex', '2023-12-26 13:10:57', '2023-12-26 13:10:57', 'complex'),
(38, 4, 'Conference center', '2023-12-26 13:12:47', '2023-12-26 13:12:47', 'conference-center'),
(39, 4, 'Coworking Space', '2023-12-26 13:12:47', '2023-12-26 13:12:47', 'coworking-space'),
(40, 4, 'Multipurpose Hall', '2023-12-26 13:12:56', '2023-12-26 13:12:56', 'multipurpose-hall'),
(41, 4, 'Private Office', '2023-12-26 13:12:56', '2023-12-26 13:12:56', 'private-office'),
(42, 4, 'Ballroom', '2023-12-26 13:13:07', '2023-12-26 13:13:07', 'ballroom'),
(43, 4, 'Church', '2023-12-26 13:13:07', '2023-12-26 13:13:07', 'church'),
(44, 1, 'Apartment', '2023-12-26 19:58:40', '2023-12-26 19:58:40', 'apartment'),
(45, 1, 'Studio', '2023-12-26 19:58:40', '2023-12-26 19:58:40', 'studio'),
(46, 1, 'Villa', '2023-12-26 19:58:54', '2023-12-26 19:58:54', 'villa'),
(47, 1, 'Bungalow', '2023-12-26 20:01:57', '2023-12-26 20:01:57', 'bungalow'),
(48, 14, 'Commercial Land', '2023-12-26 20:04:54', '2023-12-26 20:04:54', 'commercial-land'),
(49, 14, 'Residential Land', '2023-12-26 20:04:54', '2023-12-26 20:04:54', 'residential-land'),
(50, 14, 'Mixed -Use Land', '2023-12-26 20:05:06', '2023-12-26 20:05:06', 'mixed-use-land'),
(51, 14, 'Farmland', '2023-12-26 20:05:06', '2023-12-26 20:05:06', 'farm-land'),
(52, 14, 'Quarry', '2023-12-26 20:05:16', '2023-12-26 20:05:16', 'quarry'),
(53, 14, 'Industrial Land', '2023-12-26 20:05:16', '2023-12-26 20:05:16', 'industrial-land'),
(54, 6, 'Apartment', '2023-12-26 20:05:27', '2023-12-26 20:05:27', 'apartment'),
(55, 6, 'Flat', '2023-12-26 20:05:27', '2023-12-26 20:05:27', 'flat'),
(56, 6, 'Duplex House', '2023-12-26 20:16:37', '2023-12-26 20:16:37', 'duplex-house');

-- --------------------------------------------------------

--
-- Table structure for table `ratings`
--

CREATE TABLE `ratings` (
  `id` int(10) UNSIGNED NOT NULL,
  `user_id` int(11) NOT NULL,
  `property_id` int(11) NOT NULL,
  `rating` decimal(8,2) NOT NULL,
  `type` varchar(255) CHARACTER SET utf8mb4 COLLATE utf8mb4_unicode_ci NOT NULL,
  `created_at` timestamp NULL DEFAULT NULL,
  `updated_at` timestamp NULL DEFAULT NULL
) ENGINE=InnoDB DEFAULT CHARSET=utf8mb4 COLLATE=utf8mb4_general_ci;

-- --------------------------------------------------------

--
-- Table structure for table `regions`
--

CREATE TABLE `regions` (
  `id` int(11) NOT NULL,
  `country_id` int(11) NOT NULL,
  `name` varchar(100) NOT NULL,
  `slug` varchar(100) NOT NULL,
  `created_at` timestamp NOT NULL DEFAULT current_timestamp(),
  `updated_at` timestamp NOT NULL DEFAULT current_timestamp()
) ENGINE=InnoDB DEFAULT CHARSET=utf8mb4 COLLATE=utf8mb4_general_ci;

--
-- Dumping data for table `regions`
--

INSERT INTO `regions` (`id`, `country_id`, `name`, `slug`, `created_at`, `updated_at`) VALUES
(1, 1, 'Dar es Salam', 'Dar es Salam', '0000-00-00 00:00:00', '0000-00-00 00:00:00'),
(2, 1, 'Arusha', 'Arusha', '0000-00-00 00:00:00', '0000-00-00 00:00:00'),
(3, 1, 'Pwani', 'Pwani', '2023-07-02 11:31:20', '2023-07-02 11:31:20'),
(4, 1, 'Mwanza', 'Mwanza', '2023-07-05 19:07:10', '2023-07-05 19:07:10'),
(5, 1, 'Dodoma', 'Dodoma', '2023-07-05 19:07:10', '2023-07-05 19:07:10');

-- --------------------------------------------------------

--
-- Table structure for table `roles`
--

CREATE TABLE `roles` (
  `id` int(10) UNSIGNED NOT NULL,
  `name` varchar(255) CHARACTER SET utf8mb4 COLLATE utf8mb4_unicode_ci NOT NULL,
  `slug` varchar(255) CHARACTER SET utf8mb4 COLLATE utf8mb4_unicode_ci NOT NULL,
  `created_at` timestamp NULL DEFAULT NULL,
  `updated_at` timestamp NULL DEFAULT NULL
) ENGINE=InnoDB DEFAULT CHARSET=utf8mb4 COLLATE=utf8mb4_general_ci;

--
-- Dumping data for table `roles`
--

INSERT INTO `roles` (`id`, `name`, `slug`, `created_at`, `updated_at`) VALUES
(1, 'Admin', 'admin', NULL, NULL),
(2, 'agent', 'agent', NULL, NULL);

-- --------------------------------------------------------

--
-- Table structure for table `services`
--

CREATE TABLE `services` (
  `id` int(10) UNSIGNED NOT NULL,
  `title` varchar(255) CHARACTER SET utf8mb4 COLLATE utf8mb4_unicode_ci NOT NULL,
  `description` text CHARACTER SET utf8mb4 COLLATE utf8mb4_unicode_ci NOT NULL,
  `icon` varchar(255) CHARACTER SET utf8mb4 COLLATE utf8mb4_unicode_ci NOT NULL,
  `service_order` int(11) NOT NULL DEFAULT 1,
  `created_at` timestamp NULL DEFAULT NULL,
  `updated_at` timestamp NULL DEFAULT NULL
) ENGINE=InnoDB DEFAULT CHARSET=utf8mb4 COLLATE=utf8mb4_general_ci;

--
-- Dumping data for table `services`
--

INSERT INTO `services` (`id`, `title`, `description`, `icon`, `service_order`, `created_at`, `updated_at`) VALUES
(1, 'buy and sell real estate', 'yes real estate business', 'access_alarm', 3, '2023-02-12 00:52:12', '2023-02-12 00:52:12');

-- --------------------------------------------------------

--
-- Table structure for table `settings`
--

CREATE TABLE `settings` (
  `id` int(10) UNSIGNED NOT NULL,
  `name` varchar(255) CHARACTER SET utf8mb4 COLLATE utf8mb4_unicode_ci NOT NULL,
  `email` varchar(255) CHARACTER SET utf8mb4 COLLATE utf8mb4_unicode_ci NOT NULL,
  `phone` varchar(255) CHARACTER SET utf8mb4 COLLATE utf8mb4_unicode_ci NOT NULL,
  `address` varchar(255) CHARACTER SET utf8mb4 COLLATE utf8mb4_unicode_ci NOT NULL,
  `footer` varchar(255) CHARACTER SET utf8mb4 COLLATE utf8mb4_unicode_ci NOT NULL,
  `aboutus` text CHARACTER SET utf8mb4 COLLATE utf8mb4_unicode_ci NOT NULL,
  `facebook` varchar(255) CHARACTER SET utf8mb4 COLLATE utf8mb4_unicode_ci NOT NULL,
  `twitter` varchar(255) CHARACTER SET utf8mb4 COLLATE utf8mb4_unicode_ci NOT NULL,
  `linkedin` varchar(255) CHARACTER SET utf8mb4 COLLATE utf8mb4_unicode_ci NOT NULL,
  `created_at` timestamp NULL DEFAULT NULL,
  `updated_at` timestamp NULL DEFAULT NULL
) ENGINE=InnoDB DEFAULT CHARSET=utf8mb4 COLLATE=utf8mb4_general_ci;

-- --------------------------------------------------------

--
-- Table structure for table `sliders`
--

CREATE TABLE `sliders` (
  `id` int(10) UNSIGNED NOT NULL,
  `title` varchar(255) CHARACTER SET utf8mb4 COLLATE utf8mb4_unicode_ci NOT NULL,
  `description` text CHARACTER SET utf8mb4 COLLATE utf8mb4_unicode_ci NOT NULL,
  `image` varchar(255) CHARACTER SET utf8mb4 COLLATE utf8mb4_unicode_ci NOT NULL,
  `created_at` timestamp NULL DEFAULT NULL,
  `updated_at` timestamp NULL DEFAULT NULL
) ENGINE=InnoDB DEFAULT CHARSET=utf8mb4 COLLATE=utf8mb4_general_ci;

--
-- Dumping data for table `sliders`
--

INSERT INTO `sliders` (`id`, `title`, `description`, `image`, `created_at`, `updated_at`) VALUES
(1, 'slider', 'yes this is slider', 'slider-2023-02-12-63e85d4f6af65.jpg', '2023-02-12 00:30:23', '2023-02-12 00:30:23');

-- --------------------------------------------------------

--
-- Table structure for table `social_media`
--

CREATE TABLE `social_media` (
  `id` int(11) NOT NULL,
  `icon` varchar(100) NOT NULL,
  `name` varchar(100) NOT NULL,
  `created_at` timestamp NOT NULL DEFAULT current_timestamp() ON UPDATE current_timestamp(),
  `updated_at` timestamp NOT NULL DEFAULT '0000-00-00 00:00:00',
  `creator_id` int(11) DEFAULT NULL,
  `updator_id` int(11) DEFAULT NULL
) ENGINE=InnoDB DEFAULT CHARSET=utf8mb4 COLLATE=utf8mb4_general_ci;

--
-- Dumping data for table `social_media`
--

INSERT INTO `social_media` (`id`, `icon`, `name`, `created_at`, `updated_at`, `creator_id`, `updator_id`) VALUES
(1, 'zmdi zmdi-facebook', 'Facebook', '2023-05-26 06:35:28', '2023-05-18 06:35:28', NULL, NULL),
(2, 'zmdi zmdi-twitter', 'Twitter', '2023-05-19 06:35:28', '2023-05-26 06:35:28', NULL, NULL),
(3, 'zmdi zmdi-instagram', 'Instagram', '2023-05-26 06:37:39', '2023-05-27 06:37:39', NULL, NULL);

-- --------------------------------------------------------

--
-- Table structure for table `sub_categories`
--

CREATE TABLE `sub_categories` (
  `id` int(11) NOT NULL,
  `category_id` int(11) NOT NULL,
  `name` varchar(100) NOT NULL,
  `slug` varchar(100) DEFAULT NULL,
  `image` varchar(200) NOT NULL,
  `created_at` timestamp NOT NULL DEFAULT current_timestamp(),
  `updated_at` timestamp NOT NULL DEFAULT current_timestamp()
) ENGINE=InnoDB DEFAULT CHARSET=utf8mb4 COLLATE=utf8mb4_general_ci;

--
-- Dumping data for table `sub_categories`
--

INSERT INTO `sub_categories` (`id`, `category_id`, `name`, `slug`, `image`, `created_at`, `updated_at`) VALUES
(1, 3, 'Houses and Apartments for Sale', 'houses-apartments-for-sale', '', '2023-04-28 10:57:29', '2023-04-28 10:57:29'),
(2, 3, 'Commercial Property for Sale', 'commercial-property-for-sale', '', '2023-04-28 10:57:29', '2023-04-28 10:57:29'),
(3, 3, 'Land & Plots for Sale', 'land-and-plots-for-sale', '', '2023-04-29 11:00:14', '2023-04-29 11:00:14'),
(4, 3, 'Event Centers,Venues and Workstations', 'event-centers-and-venues', '', '2023-04-27 11:00:14', '2023-04-21 11:00:14'),
(6, 3, 'Short Let Property', 'temporary-and-vacation-rentals', '', '2023-04-30 11:02:02', '2023-04-30 11:02:02'),
(12, 1, 'Commercial Property for Rent', 'commercial-property-for-rent', '', '2023-12-16 00:41:23', '2023-12-16 00:41:23'),
(13, 1, 'Houses and Apartments for Rent', 'houses-apartments-for-rent', '', '2023-12-16 00:42:37', '2023-12-16 00:42:37'),
(14, 1, 'Land & Plots for Rent', 'land-and-plots-for-rent', '', '2023-12-16 00:43:50', '2023-12-16 00:43:50');

-- --------------------------------------------------------

--
-- Table structure for table `tags`
--

CREATE TABLE `tags` (
  `id` int(10) UNSIGNED NOT NULL,
  `name` varchar(255) CHARACTER SET utf8mb4 COLLATE utf8mb4_unicode_ci NOT NULL,
  `slug` varchar(255) CHARACTER SET utf8mb4 COLLATE utf8mb4_unicode_ci NOT NULL,
  `created_at` timestamp NULL DEFAULT NULL,
  `updated_at` timestamp NULL DEFAULT NULL
) ENGINE=InnoDB DEFAULT CHARSET=utf8mb4 COLLATE=utf8mb4_general_ci;

--
-- Dumping data for table `tags`
--

INSERT INTO `tags` (`id`, `name`, `slug`, `created_at`, `updated_at`) VALUES
(1, 'matahyo', 'matahyo', '2023-02-12 01:04:28', '2023-02-12 01:04:28');

-- --------------------------------------------------------

--
-- Table structure for table `terms`
--

CREATE TABLE `terms` (
  `id` int(11) NOT NULL,
  `name` varchar(100) NOT NULL,
  `created_at` timestamp NOT NULL DEFAULT current_timestamp(),
  `updated_at` timestamp NOT NULL DEFAULT current_timestamp()
) ENGINE=InnoDB DEFAULT CHARSET=utf8mb4 COLLATE=utf8mb4_general_ci;

--
-- Dumping data for table `terms`
--

INSERT INTO `terms` (`id`, `name`, `created_at`, `updated_at`) VALUES
(1, 'Six Months', '2023-04-29 21:16:31', '2023-04-29 21:16:31'),
(2, 'one Month', '2023-04-29 21:16:31', '2023-04-29 21:16:31'),
(3, 'Cash', '2023-07-02 20:52:11', '2023-07-02 20:52:11');

-- --------------------------------------------------------

--
-- Table structure for table `testimonials`
--

CREATE TABLE `testimonials` (
  `id` int(10) UNSIGNED NOT NULL,
  `name` varchar(255) CHARACTER SET utf8mb4 COLLATE utf8mb4_unicode_ci NOT NULL,
  `image` varchar(255) CHARACTER SET utf8mb4 COLLATE utf8mb4_unicode_ci NOT NULL,
  `testimonial` varchar(255) CHARACTER SET utf8mb4 COLLATE utf8mb4_unicode_ci NOT NULL,
  `created_at` timestamp NULL DEFAULT NULL,
  `updated_at` timestamp NULL DEFAULT NULL
) ENGINE=InnoDB DEFAULT CHARSET=utf8mb4 COLLATE=utf8mb4_general_ci;

--
-- Dumping data for table `testimonials`
--

INSERT INTO `testimonials` (`id`, `name`, `image`, `testimonial`, `created_at`, `updated_at`) VALUES
(1, 'matahyo', 'matahyo-2023-02-12-63e8642b717af.jpg', 'rtetgfbfghrth', '2023-02-12 00:59:39', '2023-02-12 00:59:39'),
(2, 'matahyo', 'matahyo-2023-02-12-63e864493493a.jpg', 'rtetgfbfghrth', '2023-02-12 01:00:09', '2023-02-12 01:00:09');

-- --------------------------------------------------------

--
-- Table structure for table `units`
--

CREATE TABLE `units` (
  `id` bigint(20) UNSIGNED NOT NULL,
  `company_id` bigint(20) UNSIGNED NOT NULL,
  `property_id` bigint(20) UNSIGNED NOT NULL,
  `unit_name` varchar(255) NOT NULL,
  `unit_type` varchar(100) NOT NULL,
  `size` decimal(10,2) DEFAULT NULL,
  `rent_price` decimal(12,2) NOT NULL,
  `creator_id` bigint(20) UNSIGNED NOT NULL,
  `updator_id` bigint(20) UNSIGNED DEFAULT NULL,
  `created_at` timestamp NULL DEFAULT NULL,
  `updated_at` timestamp NULL DEFAULT NULL
) ENGINE=InnoDB DEFAULT CHARSET=utf8mb4 COLLATE=utf8mb4_general_ci;

-- --------------------------------------------------------

--
-- Table structure for table `users`
--

CREATE TABLE `users` (
  `id` int(10) UNSIGNED NOT NULL,
  `email_verified_at` datetime DEFAULT NULL,
  `role_id` int(10) UNSIGNED NOT NULL,
  `google_id` varchar(200) DEFAULT NULL,
  `name` varchar(255) CHARACTER SET utf8mb4 COLLATE utf8mb4_unicode_ci NOT NULL,
  `username` varchar(200) NOT NULL,
  `email` varchar(255) CHARACTER SET utf8mb4 COLLATE utf8mb4_unicode_ci NOT NULL,
  `phone_number` varchar(200) CHARACTER SET utf8mb4 COLLATE utf8mb4_unicode_ci DEFAULT NULL,
  `image` varchar(255) CHARACTER SET utf8mb4 COLLATE utf8mb4_unicode_ci DEFAULT NULL,
  `about` varchar(255) CHARACTER SET utf8mb4 COLLATE utf8mb4_unicode_ci DEFAULT NULL,
  `password` varchar(255) CHARACTER SET utf8mb4 COLLATE utf8mb4_unicode_ci DEFAULT NULL,
  `remember_token` varchar(100) CHARACTER SET utf8mb4 COLLATE utf8mb4_unicode_ci DEFAULT NULL,
  `created_at` timestamp NULL DEFAULT NULL,
  `updated_at` timestamp NULL DEFAULT NULL
) ENGINE=InnoDB DEFAULT CHARSET=utf8mb4 COLLATE=utf8mb4_general_ci;

--
-- Dumping data for table `users`
--

INSERT INTO `users` (`id`, `email_verified_at`, `role_id`, `google_id`, `name`, `username`, `email`, `phone_number`, `image`, `about`, `password`, `remember_token`, `created_at`, `updated_at`) VALUES
(1, '2023-12-23 06:34:09', 2, NULL, 'kelvin', 'KEMU374378', 'kevo93mushy@gmail.com', '225', NULL, 'ujjjjjjjjjjjjjjjjjjjjjjjjjjjjjj', '$2y$10$skwKUE6ck6C//W6BjGCbkOxWZpdP7.R.FPQE0pfbyCUpNVf9UoETG', 'ZX5meReNxqCIk8vEuRzbiKI2vkxvSpDXJxoJYHcQVRTV053MCWkw6wXfoHAx', NULL, '2025-04-06 10:28:25'),
(14, NULL, 2, '111833730709529553502', 'Hans Broker', 'Hans Broker', 'kevomassawe@gmail.com', '0767059735', NULL, NULL, NULL, NULL, '2023-07-08 03:12:12', '2023-07-29 13:29:27'),
(15, NULL, 2, '103517598985145130172', 'SIDON TAIRO', 'SIDON TAIRO', 'sidontairo90@gmail.com', NULL, NULL, NULL, NULL, NULL, '2023-07-08 11:22:14', '2023-07-08 11:22:14'),
(16, '2023-12-23 06:34:09', 2, '116729426626178858257', 'Daniel Mkiramweni', 'Daniel Mkiramweni', 'danielmkiramweni74@gmail.com', NULL, NULL, NULL, NULL, NULL, '2023-07-16 14:19:15', '2023-07-16 14:19:15'),
(17, '2023-12-23 06:34:09', 2, NULL, 'Daniel Godfrey', 'Daniel', 'dannyplatnumz9@gmail.com', '0769293783', NULL, NULL, '$2y$10$9MSC4YCNI87xlPnTBLSASuahFe9Y9Cg/H/0rjdU0p5xE7Qmy.Jeym', 'RJitVoXj5gyeF4GGulRJXwFhWKuBUlEZEmcBessnnxC2Iskz2YC4UFRTaWgO', '2023-07-20 06:15:04', '2023-07-20 06:27:31'),
(18, NULL, 2, '106858260446620310026', 'John Peter Massawe', 'John Peter Massawe', 'johnmassawe92@gmail.com', NULL, NULL, NULL, NULL, NULL, '2023-07-21 07:49:44', '2023-07-21 07:49:44'),
(19, NULL, 2, '107578869757997846347', 'Christopher Faustine', 'Christopher Faustine', 'chrisfausty@gmail.com', NULL, NULL, NULL, NULL, NULL, '2023-07-28 15:30:47', '2023-07-28 15:30:47'),
(20, NULL, 2, '110992321119469503376', 'Hekima Christopher', 'Hekima Christopher', 'hekimachristopher@gmail.com', NULL, NULL, NULL, NULL, NULL, '2023-07-28 15:31:23', '2023-07-28 15:31:23'),
(21, NULL, 2, '100762239805954520505', 'Solomoni Msuya', 'Solomoni Msuya', 'solomonimsuya@gmail.com', '0719280255', NULL, NULL, NULL, NULL, '2023-08-02 09:34:37', '2023-08-02 09:49:09'),
(22, NULL, 2, '104399247166603935841', 'kevy kevy cos', 'kevy kevy cos', 'kevycosmac@gmail.com', NULL, NULL, NULL, NULL, NULL, '2023-09-02 02:54:35', '2023-09-02 02:54:35'),
(23, NULL, 2, '100303832697974209243', 'Florian Sayyo', 'Florian Sayyo', 'floriansayyo@gmail.com', NULL, NULL, NULL, NULL, NULL, '2023-10-13 10:00:36', '2023-10-13 10:00:36'),
(28, '2023-12-23 06:34:09', 2, '116390630142241986369', 'Rahimu', 'Ally', 'rahimually044@gmail.com', '0659628665', NULL, 'Nauza mashamba', NULL, NULL, '2023-11-30 05:58:47', '2023-11-30 07:04:11');

--
-- Indexes for dumped tables
--

--
-- Indexes for table `albums`
--
ALTER TABLE `albums`
  ADD PRIMARY KEY (`id`);

--
-- Indexes for table `categories`
--
ALTER TABLE `categories`
  ADD PRIMARY KEY (`id`);

--
-- Indexes for table `category_post`
--
ALTER TABLE `category_post`
  ADD PRIMARY KEY (`id`);

--
-- Indexes for table `characteristics`
--
ALTER TABLE `characteristics`
  ADD PRIMARY KEY (`id`);

--
-- Indexes for table `client_requests`
--
ALTER TABLE `client_requests`
  ADD PRIMARY KEY (`id`);

--
-- Indexes for table `comments`
--
ALTER TABLE `comments`
  ADD PRIMARY KEY (`id`);

--
-- Indexes for table `companies`
--
ALTER TABLE `companies`
  ADD PRIMARY KEY (`id`);

--
-- Indexes for table `company_locations`
--
ALTER TABLE `company_locations`
  ADD PRIMARY KEY (`id`);

--
-- Indexes for table `company_social_media`
--
ALTER TABLE `company_social_media`
  ADD PRIMARY KEY (`id`);

--
-- Indexes for table `conditions`
--
ALTER TABLE `conditions`
  ADD PRIMARY KEY (`id`);

--
-- Indexes for table `countries`
--
ALTER TABLE `countries`
  ADD PRIMARY KEY (`id`);

--
-- Indexes for table `currencies`
--
ALTER TABLE `currencies`
  ADD PRIMARY KEY (`id`);

--
-- Indexes for table `customers`
--
ALTER TABLE `customers`
  ADD PRIMARY KEY (`id`);

--
-- Indexes for table `customer_payments`
--
ALTER TABLE `customer_payments`
  ADD PRIMARY KEY (`id`);

--
-- Indexes for table `districts`
--
ALTER TABLE `districts`
  ADD PRIMARY KEY (`id`);

--
-- Indexes for table `features`
--
ALTER TABLE `features`
  ADD PRIMARY KEY (`id`);

--
-- Indexes for table `feature_properties`
--
ALTER TABLE `feature_properties`
  ADD PRIMARY KEY (`id`);

--
-- Indexes for table `feature_property`
--
ALTER TABLE `feature_property`
  ADD PRIMARY KEY (`id`);

--
-- Indexes for table `furnishes`
--
ALTER TABLE `furnishes`
  ADD PRIMARY KEY (`id`);

--
-- Indexes for table `galleries`
--
ALTER TABLE `galleries`
  ADD PRIMARY KEY (`id`);

--
-- Indexes for table `messages`
--
ALTER TABLE `messages`
  ADD PRIMARY KEY (`id`);

--
-- Indexes for table `migrations`
--
ALTER TABLE `migrations`
  ADD PRIMARY KEY (`id`);

--
-- Indexes for table `near_byes`
--
ALTER TABLE `near_byes`
  ADD PRIMARY KEY (`id`);

--
-- Indexes for table `oauth_access_tokens`
--
ALTER TABLE `oauth_access_tokens`
  ADD PRIMARY KEY (`id`),
  ADD KEY `oauth_access_tokens_user_id_index` (`user_id`);

--
-- Indexes for table `oauth_auth_codes`
--
ALTER TABLE `oauth_auth_codes`
  ADD PRIMARY KEY (`id`),
  ADD KEY `oauth_auth_codes_user_id_index` (`user_id`);

--
-- Indexes for table `oauth_clients`
--
ALTER TABLE `oauth_clients`
  ADD PRIMARY KEY (`id`),
  ADD KEY `oauth_clients_user_id_index` (`user_id`);

--
-- Indexes for table `oauth_personal_access_clients`
--
ALTER TABLE `oauth_personal_access_clients`
  ADD PRIMARY KEY (`id`);

--
-- Indexes for table `oauth_refresh_tokens`
--
ALTER TABLE `oauth_refresh_tokens`
  ADD PRIMARY KEY (`id`),
  ADD KEY `oauth_refresh_tokens_access_token_id_index` (`access_token_id`);

--
-- Indexes for table `password_resets`
--
ALTER TABLE `password_resets`
  ADD KEY `password_resets_email_index` (`email`);

--
-- Indexes for table `personal_access_tokens`
--
ALTER TABLE `personal_access_tokens`
  ADD PRIMARY KEY (`id`),
  ADD UNIQUE KEY `personal_access_tokens_token_unique` (`token`),
  ADD KEY `personal_access_tokens_tokenable_type_tokenable_id_index` (`tokenable_type`,`tokenable_id`);

--
-- Indexes for table `posts`
--
ALTER TABLE `posts`
  ADD PRIMARY KEY (`id`),
  ADD UNIQUE KEY `posts_slug_unique` (`slug`),
  ADD KEY `posts_user_id_foreign` (`user_id`);

--
-- Indexes for table `post_tag`
--
ALTER TABLE `post_tag`
  ADD PRIMARY KEY (`id`);

--
-- Indexes for table `projects`
--
ALTER TABLE `projects`
  ADD PRIMARY KEY (`id`),
  ADD KEY `company_id` (`company_id`);

--
-- Indexes for table `project_divisions`
--
ALTER TABLE `project_divisions`
  ADD PRIMARY KEY (`id`);

--
-- Indexes for table `project_locations`
--
ALTER TABLE `project_locations`
  ADD PRIMARY KEY (`id`);

--
-- Indexes for table `project_payments`
--
ALTER TABLE `project_payments`
  ADD PRIMARY KEY (`id`),
  ADD KEY `project_id` (`project_id`);

--
-- Indexes for table `project_repayments`
--
ALTER TABLE `project_repayments`
  ADD PRIMARY KEY (`id`),
  ADD KEY `project_id` (`project_id`);

--
-- Indexes for table `properties`
--
ALTER TABLE `properties`
  ADD PRIMARY KEY (`id`);

--
-- Indexes for table `property_areas`
--
ALTER TABLE `property_areas`
  ADD PRIMARY KEY (`id`);

--
-- Indexes for table `property_barths`
--
ALTER TABLE `property_barths`
  ADD PRIMARY KEY (`id`);

--
-- Indexes for table `property_bead_rooms`
--
ALTER TABLE `property_bead_rooms`
  ADD PRIMARY KEY (`id`);

--
-- Indexes for table `property_conditions`
--
ALTER TABLE `property_conditions`
  ADD PRIMARY KEY (`id`);

--
-- Indexes for table `property_currencies`
--
ALTER TABLE `property_currencies`
  ADD PRIMARY KEY (`id`);

--
-- Indexes for table `property_furnishes`
--
ALTER TABLE `property_furnishes`
  ADD PRIMARY KEY (`id`);

--
-- Indexes for table `property_image_galleries`
--
ALTER TABLE `property_image_galleries`
  ADD PRIMARY KEY (`id`);

--
-- Indexes for table `property_locations`
--
ALTER TABLE `property_locations`
  ADD PRIMARY KEY (`id`);

--
-- Indexes for table `property_near_bies`
--
ALTER TABLE `property_near_bies`
  ADD PRIMARY KEY (`id`);

--
-- Indexes for table `property_prices`
--
ALTER TABLE `property_prices`
  ADD PRIMARY KEY (`id`);

--
-- Indexes for table `property_purposes`
--
ALTER TABLE `property_purposes`
  ADD PRIMARY KEY (`id`);

--
-- Indexes for table `property_terms`
--
ALTER TABLE `property_terms`
  ADD PRIMARY KEY (`id`);

--
-- Indexes for table `property_titles`
--
ALTER TABLE `property_titles`
  ADD PRIMARY KEY (`id`);

--
-- Indexes for table `property_types`
--
ALTER TABLE `property_types`
  ADD PRIMARY KEY (`id`);

--
-- Indexes for table `ratings`
--
ALTER TABLE `ratings`
  ADD PRIMARY KEY (`id`);

--
-- Indexes for table `regions`
--
ALTER TABLE `regions`
  ADD PRIMARY KEY (`id`);

--
-- Indexes for table `roles`
--
ALTER TABLE `roles`
  ADD PRIMARY KEY (`id`);

--
-- Indexes for table `services`
--
ALTER TABLE `services`
  ADD PRIMARY KEY (`id`);

--
-- Indexes for table `settings`
--
ALTER TABLE `settings`
  ADD PRIMARY KEY (`id`);

--
-- Indexes for table `sliders`
--
ALTER TABLE `sliders`
  ADD PRIMARY KEY (`id`);

--
-- Indexes for table `social_media`
--
ALTER TABLE `social_media`
  ADD PRIMARY KEY (`id`);

--
-- Indexes for table `sub_categories`
--
ALTER TABLE `sub_categories`
  ADD PRIMARY KEY (`id`);

--
-- Indexes for table `tags`
--
ALTER TABLE `tags`
  ADD PRIMARY KEY (`id`);

--
-- Indexes for table `terms`
--
ALTER TABLE `terms`
  ADD PRIMARY KEY (`id`);

--
-- Indexes for table `testimonials`
--
ALTER TABLE `testimonials`
  ADD PRIMARY KEY (`id`);

--
-- Indexes for table `units`
--
ALTER TABLE `units`
  ADD PRIMARY KEY (`id`);

--
-- Indexes for table `users`
--
ALTER TABLE `users`
  ADD PRIMARY KEY (`id`),
  ADD UNIQUE KEY `users_email_unique` (`email`);

--
-- AUTO_INCREMENT for dumped tables
--

--
-- AUTO_INCREMENT for table `albums`
--
ALTER TABLE `albums`
  MODIFY `id` int(10) UNSIGNED NOT NULL AUTO_INCREMENT, AUTO_INCREMENT=2;

--
-- AUTO_INCREMENT for table `categories`
--
ALTER TABLE `categories`
  MODIFY `id` int(10) UNSIGNED NOT NULL AUTO_INCREMENT, AUTO_INCREMENT=5;

--
-- AUTO_INCREMENT for table `category_post`
--
ALTER TABLE `category_post`
  MODIFY `id` int(10) UNSIGNED NOT NULL AUTO_INCREMENT;

--
-- AUTO_INCREMENT for table `characteristics`
--
ALTER TABLE `characteristics`
  MODIFY `id` int(11) NOT NULL AUTO_INCREMENT, AUTO_INCREMENT=5;

--
-- AUTO_INCREMENT for table `client_requests`
--
ALTER TABLE `client_requests`
  MODIFY `id` int(11) NOT NULL AUTO_INCREMENT, AUTO_INCREMENT=5;

--
-- AUTO_INCREMENT for table `comments`
--
ALTER TABLE `comments`
  MODIFY `id` int(10) UNSIGNED NOT NULL AUTO_INCREMENT;

--
-- AUTO_INCREMENT for table `companies`
--
ALTER TABLE `companies`
  MODIFY `id` int(11) NOT NULL AUTO_INCREMENT, AUTO_INCREMENT=13;

--
-- AUTO_INCREMENT for table `company_locations`
--
ALTER TABLE `company_locations`
  MODIFY `id` int(11) NOT NULL AUTO_INCREMENT, AUTO_INCREMENT=32;

--
-- AUTO_INCREMENT for table `company_social_media`
--
ALTER TABLE `company_social_media`
  MODIFY `id` int(11) NOT NULL AUTO_INCREMENT, AUTO_INCREMENT=13;

--
-- AUTO_INCREMENT for table `conditions`
--
ALTER TABLE `conditions`
  MODIFY `id` int(11) NOT NULL AUTO_INCREMENT, AUTO_INCREMENT=5;

--
-- AUTO_INCREMENT for table `countries`
--
ALTER TABLE `countries`
  MODIFY `id` int(11) NOT NULL AUTO_INCREMENT, AUTO_INCREMENT=3;

--
-- AUTO_INCREMENT for table `currencies`
--
ALTER TABLE `currencies`
  MODIFY `id` int(11) NOT NULL AUTO_INCREMENT, AUTO_INCREMENT=3;

--
-- AUTO_INCREMENT for table `customers`
--
ALTER TABLE `customers`
  MODIFY `id` int(11) NOT NULL AUTO_INCREMENT, AUTO_INCREMENT=5;

--
-- AUTO_INCREMENT for table `customer_payments`
--
ALTER TABLE `customer_payments`
  MODIFY `id` bigint(20) UNSIGNED NOT NULL AUTO_INCREMENT, AUTO_INCREMENT=6;

--
-- AUTO_INCREMENT for table `districts`
--
ALTER TABLE `districts`
  MODIFY `id` int(11) NOT NULL AUTO_INCREMENT, AUTO_INCREMENT=26;

--
-- AUTO_INCREMENT for table `features`
--
ALTER TABLE `features`
  MODIFY `id` int(10) UNSIGNED NOT NULL AUTO_INCREMENT, AUTO_INCREMENT=14;

--
-- AUTO_INCREMENT for table `feature_properties`
--
ALTER TABLE `feature_properties`
  MODIFY `id` int(10) UNSIGNED NOT NULL AUTO_INCREMENT, AUTO_INCREMENT=728;

--
-- AUTO_INCREMENT for table `feature_property`
--
ALTER TABLE `feature_property`
  MODIFY `id` int(10) UNSIGNED NOT NULL AUTO_INCREMENT, AUTO_INCREMENT=160;

--
-- AUTO_INCREMENT for table `furnishes`
--
ALTER TABLE `furnishes`
  MODIFY `id` int(11) NOT NULL AUTO_INCREMENT, AUTO_INCREMENT=4;

--
-- AUTO_INCREMENT for table `galleries`
--
ALTER TABLE `galleries`
  MODIFY `id` int(10) UNSIGNED NOT NULL AUTO_INCREMENT;

--
-- AUTO_INCREMENT for table `messages`
--
ALTER TABLE `messages`
  MODIFY `id` int(10) UNSIGNED NOT NULL AUTO_INCREMENT, AUTO_INCREMENT=18;

--
-- AUTO_INCREMENT for table `migrations`
--
ALTER TABLE `migrations`
  MODIFY `id` int(10) UNSIGNED NOT NULL AUTO_INCREMENT, AUTO_INCREMENT=28;

--
-- AUTO_INCREMENT for table `near_byes`
--
ALTER TABLE `near_byes`
  MODIFY `id` int(11) NOT NULL AUTO_INCREMENT, AUTO_INCREMENT=11;

--
-- AUTO_INCREMENT for table `oauth_clients`
--
ALTER TABLE `oauth_clients`
  MODIFY `id` bigint(20) UNSIGNED NOT NULL AUTO_INCREMENT;

--
-- AUTO_INCREMENT for table `oauth_personal_access_clients`
--
ALTER TABLE `oauth_personal_access_clients`
  MODIFY `id` bigint(20) UNSIGNED NOT NULL AUTO_INCREMENT;

--
-- AUTO_INCREMENT for table `personal_access_tokens`
--
ALTER TABLE `personal_access_tokens`
  MODIFY `id` bigint(20) UNSIGNED NOT NULL AUTO_INCREMENT;

--
-- AUTO_INCREMENT for table `posts`
--
ALTER TABLE `posts`
  MODIFY `id` int(10) UNSIGNED NOT NULL AUTO_INCREMENT;

--
-- AUTO_INCREMENT for table `post_tag`
--
ALTER TABLE `post_tag`
  MODIFY `id` int(10) UNSIGNED NOT NULL AUTO_INCREMENT;

--
-- AUTO_INCREMENT for table `projects`
--
ALTER TABLE `projects`
  MODIFY `id` int(11) NOT NULL AUTO_INCREMENT, AUTO_INCREMENT=37;

--
-- AUTO_INCREMENT for table `project_divisions`
--
ALTER TABLE `project_divisions`
  MODIFY `id` int(11) NOT NULL AUTO_INCREMENT, AUTO_INCREMENT=28;

--
-- AUTO_INCREMENT for table `project_locations`
--
ALTER TABLE `project_locations`
  MODIFY `id` int(10) UNSIGNED NOT NULL AUTO_INCREMENT, AUTO_INCREMENT=36;

--
-- AUTO_INCREMENT for table `project_payments`
--
ALTER TABLE `project_payments`
  MODIFY `id` int(11) NOT NULL AUTO_INCREMENT, AUTO_INCREMENT=27;

--
-- AUTO_INCREMENT for table `project_repayments`
--
ALTER TABLE `project_repayments`
  MODIFY `id` int(11) NOT NULL AUTO_INCREMENT, AUTO_INCREMENT=15;

--
-- AUTO_INCREMENT for table `properties`
--
ALTER TABLE `properties`
  MODIFY `id` int(10) UNSIGNED NOT NULL AUTO_INCREMENT, AUTO_INCREMENT=485;

--
-- AUTO_INCREMENT for table `property_areas`
--
ALTER TABLE `property_areas`
  MODIFY `id` int(11) NOT NULL AUTO_INCREMENT, AUTO_INCREMENT=305;

--
-- AUTO_INCREMENT for table `property_barths`
--
ALTER TABLE `property_barths`
  MODIFY `id` int(11) NOT NULL AUTO_INCREMENT, AUTO_INCREMENT=281;

--
-- AUTO_INCREMENT for table `property_bead_rooms`
--
ALTER TABLE `property_bead_rooms`
  MODIFY `id` int(11) NOT NULL AUTO_INCREMENT, AUTO_INCREMENT=280;

--
-- AUTO_INCREMENT for table `property_conditions`
--
ALTER TABLE `property_conditions`
  MODIFY `id` int(11) NOT NULL AUTO_INCREMENT, AUTO_INCREMENT=132;

--
-- AUTO_INCREMENT for table `property_currencies`
--
ALTER TABLE `property_currencies`
  MODIFY `id` int(11) NOT NULL AUTO_INCREMENT, AUTO_INCREMENT=2;

--
-- AUTO_INCREMENT for table `property_furnishes`
--
ALTER TABLE `property_furnishes`
  MODIFY `id` int(11) NOT NULL AUTO_INCREMENT, AUTO_INCREMENT=132;

--
-- AUTO_INCREMENT for table `property_image_galleries`
--
ALTER TABLE `property_image_galleries`
  MODIFY `id` int(10) UNSIGNED NOT NULL AUTO_INCREMENT, AUTO_INCREMENT=471;

--
-- AUTO_INCREMENT for table `property_locations`
--
ALTER TABLE `property_locations`
  MODIFY `id` int(11) NOT NULL AUTO_INCREMENT, AUTO_INCREMENT=354;

--
-- AUTO_INCREMENT for table `property_near_bies`
--
ALTER TABLE `property_near_bies`
  MODIFY `id` int(11) NOT NULL AUTO_INCREMENT, AUTO_INCREMENT=689;

--
-- AUTO_INCREMENT for table `property_prices`
--
ALTER TABLE `property_prices`
  MODIFY `id` int(11) NOT NULL AUTO_INCREMENT;

--
-- AUTO_INCREMENT for table `property_purposes`
--
ALTER TABLE `property_purposes`
  MODIFY `id` int(11) NOT NULL AUTO_INCREMENT, AUTO_INCREMENT=3;

--
-- AUTO_INCREMENT for table `property_terms`
--
ALTER TABLE `property_terms`
  MODIFY `id` int(11) NOT NULL AUTO_INCREMENT, AUTO_INCREMENT=270;

--
-- AUTO_INCREMENT for table `property_titles`
--
ALTER TABLE `property_titles`
  MODIFY `id` int(11) NOT NULL AUTO_INCREMENT, AUTO_INCREMENT=22;

--
-- AUTO_INCREMENT for table `property_types`
--
ALTER TABLE `property_types`
  MODIFY `id` int(11) NOT NULL AUTO_INCREMENT, AUTO_INCREMENT=57;

--
-- AUTO_INCREMENT for table `ratings`
--
ALTER TABLE `ratings`
  MODIFY `id` int(10) UNSIGNED NOT NULL AUTO_INCREMENT;

--
-- AUTO_INCREMENT for table `regions`
--
ALTER TABLE `regions`
  MODIFY `id` int(11) NOT NULL AUTO_INCREMENT, AUTO_INCREMENT=6;

--
-- AUTO_INCREMENT for table `roles`
--
ALTER TABLE `roles`
  MODIFY `id` int(10) UNSIGNED NOT NULL AUTO_INCREMENT, AUTO_INCREMENT=3;

--
-- AUTO_INCREMENT for table `services`
--
ALTER TABLE `services`
  MODIFY `id` int(10) UNSIGNED NOT NULL AUTO_INCREMENT, AUTO_INCREMENT=2;

--
-- AUTO_INCREMENT for table `settings`
--
ALTER TABLE `settings`
  MODIFY `id` int(10) UNSIGNED NOT NULL AUTO_INCREMENT;

--
-- AUTO_INCREMENT for table `sliders`
--
ALTER TABLE `sliders`
  MODIFY `id` int(10) UNSIGNED NOT NULL AUTO_INCREMENT, AUTO_INCREMENT=2;

--
-- AUTO_INCREMENT for table `social_media`
--
ALTER TABLE `social_media`
  MODIFY `id` int(11) NOT NULL AUTO_INCREMENT, AUTO_INCREMENT=5;

--
-- AUTO_INCREMENT for table `sub_categories`
--
ALTER TABLE `sub_categories`
  MODIFY `id` int(11) NOT NULL AUTO_INCREMENT, AUTO_INCREMENT=15;

--
-- AUTO_INCREMENT for table `tags`
--
ALTER TABLE `tags`
  MODIFY `id` int(10) UNSIGNED NOT NULL AUTO_INCREMENT, AUTO_INCREMENT=2;

--
-- AUTO_INCREMENT for table `terms`
--
ALTER TABLE `terms`
  MODIFY `id` int(11) NOT NULL AUTO_INCREMENT, AUTO_INCREMENT=4;

--
-- AUTO_INCREMENT for table `testimonials`
--
ALTER TABLE `testimonials`
  MODIFY `id` int(10) UNSIGNED NOT NULL AUTO_INCREMENT, AUTO_INCREMENT=3;

--
-- AUTO_INCREMENT for table `units`
--
ALTER TABLE `units`
  MODIFY `id` bigint(20) UNSIGNED NOT NULL AUTO_INCREMENT;

--
-- AUTO_INCREMENT for table `users`
--
ALTER TABLE `users`
  MODIFY `id` int(10) UNSIGNED NOT NULL AUTO_INCREMENT, AUTO_INCREMENT=34;

--
-- Constraints for dumped tables
--

--
-- Constraints for table `posts`
--
ALTER TABLE `posts`
  ADD CONSTRAINT `posts_user_id_foreign` FOREIGN KEY (`user_id`) REFERENCES `users` (`id`) ON DELETE CASCADE;

--
-- Constraints for table `projects`
--
ALTER TABLE `projects`
  ADD CONSTRAINT `projects_ibfk_1` FOREIGN KEY (`company_id`) REFERENCES `companies` (`id`) ON DELETE CASCADE;

--
-- Constraints for table `project_payments`
--
ALTER TABLE `project_payments`
  ADD CONSTRAINT `project_payments_ibfk_1` FOREIGN KEY (`project_id`) REFERENCES `projects` (`id`) ON DELETE CASCADE;

--
-- Constraints for table `project_repayments`
--
ALTER TABLE `project_repayments`
  ADD CONSTRAINT `project_repayments_ibfk_1` FOREIGN KEY (`project_id`) REFERENCES `projects` (`id`) ON DELETE CASCADE;
COMMIT;

/*!40101 SET CHARACTER_SET_CLIENT=@OLD_CHARACTER_SET_CLIENT */;
/*!40101 SET CHARACTER_SET_RESULTS=@OLD_CHARACTER_SET_RESULTS */;
/*!40101 SET COLLATION_CONNECTION=@OLD_COLLATION_CONNECTION */;
